id,firm_name,fund_type,aum,stage_focus,sector_focus,geography_focus,typical_check_min,typical_check_max,website_url,source
a0000001-0000-0000-0000-000000000001,Sequoia Capital,Venture Capital,85000000000,Seed|Series A|Series B|Growth,AI/ML|B2B SaaS|Fintech|Developer Tools|Crypto/Web3,US|Europe|India|Global,1000000,25000000,https://sequoiacap.com,"Public SEC Form ADV & sequoiacap.com/our-approach, Sept 2026"
a0000001-0000-0000-0000-000000000002,Andreessen Horowitz (a16z),Venture Capital,42000000000,Seed|Series A|Series B|Growth,AI/ML|Enterprise SaaS|Fintech|Crypto/Web3|Bio/Healthcare|Games,US|Global,1500000,30000000,https://a16z.com,"Public SEC Form ADV & a16z.com/about, Sept 2026"
a0000001-0000-0000-0000-000000000003,Lightspeed Venture Partners,Venture Capital,29000000000,Seed|Series A|Series B,Enterprise Software|AI/ML|Fintech|Commerce|Cybersecurity,US|India|Europe|Israel|Global,1000000,15000000,https://lsvp.com,"Public firm announcements & lsvp.com, Sept 2026"
a0000001-0000-0000-0000-000000000004,Accel,Venture Capital,24000000000,Seed|Series A|Series B,Cloud Infrastructure|Cybersecurity|B2B SaaS|Fintech,US|Europe|India|Global,750000,12000000,https://accel.com,"Public firm website accel.com, Sept 2026"
a0000001-0000-0000-0000-000000000005,Index Ventures,Venture Capital,18000000000,Seed|Series A|Series B,Fintech|B2B SaaS|AI Applications|Gaming|Commerce,Europe|US|Global,1000000,15000000,https://indexventures.com,"Public firm disclosures indexventures.com, Sept 2026"
a0000001-0000-0000-0000-000000000006,Benchmark,Venture Capital,8000000000,Seed|Series A,Marketplaces|B2B Software|Open Source|Social|Infrastructure,US,2000000,10000000,https://benchmark.com,"Public SEC filings & benchmark.com, Sept 2026"
a0000001-0000-0000-0000-000000000007,Bessemer Venture Partners,Venture Capital,20000000000,Seed|Series A|Series B|Growth,Cloud Software|Cybersecurity|Healthcare|Fintech|Deeptech,US|Europe|India|Israel|Global,1000000,20000000,https://bvp.com,"Public SEC Form ADV & bvp.com/atlas, Sept 2026"
a0000001-0000-0000-0000-000000000008,General Catalyst,Venture Capital,25000000000,Seed|Series A|Series B|Growth,Fintech|Enterprise AI|Health Assurance|Climate|Defense,US|Europe|India|Global,1000000,20000000,https://generalcatalyst.com,"Public SEC Form ADV & generalcatalyst.com, Sept 2026"
a0000001-0000-0000-0000-000000000009,Khosla Ventures,Venture Capital,15000000000,Seed|Series A|Series B,Deeptech|AI/ML|Climate Tech|Biotech|Robotics,US|Global,500000,15000000,https://khoslaventures.com,"Public firm disclosures khoslaventures.com, Sept 2026"
a0000001-0000-0000-0000-000000000010,Founders Fund,Venture Capital,12000000000,Seed|Series A|Series B|Growth,Aerospace|AI/ML|Defense|Fintech|Deeptech|Energy,US|Global,1000000,25000000,https://foundersfund.com,"Public SEC filings & foundersfund.com, Sept 2026"
a0000001-0000-0000-0000-000000000011,Matrix Partners India (Z47),Venture Capital,3000000000,Seed|Series A|Series B,Fintech|B2B SaaS|Consumer Tech|Healthcare|AI/ML,India|Southeast Asia,500000,8000000,https://matrixpartners.in,"Public disclosures matrixpartners.in, Sept 2026"
a0000001-0000-0000-0000-000000000012,Peak XV Partners,Venture Capital,9200000000,Seed|Series A|Series B|Growth,Fintech|B2B SaaS|AI/ML|Consumer Internet|Healthtech,India|Southeast Asia,1000000,20000000,https://peakxv.com,"Public announcements & peakxv.com, Sept 2026"
a0000001-0000-0000-0000-000000000013,Blume Ventures,Venture Capital,600000000,Pre-Seed|Seed|Series A,Deeptech|Fintech|Enterprise SaaS|Consumer|Climate,India,300000,3000000,https://blume.vc,"Public annual report & blume.vc, Sept 2026"
a0000001-0000-0000-0000-000000000014,Elevation Capital,Venture Capital,2500000000,Seed|Series A|Series B,Fintech|Consumer|B2B SaaS|Logistics|Gaming,India,750000,10000000,https://elevationcapital.com,"Public website elevationcapital.com, Sept 2026"
a0000001-0000-0000-0000-000000000015,Insight Partners,Growth Equity,90000000000,Series A|Series B|Growth|ScaleUp,Enterprise Software|Data/Analytics|Cybersecurity|Fintech,US|Europe|Global,5000000,50000000,https://insightpartners.com,"Public SEC Form ADV & insightpartners.com, Sept 2026"
a0000001-0000-0000-0000-000000000016,Balderton Capital,Venture Capital,5000000000,Seed|Series A|Series B,Fintech|B2B Software|Healthtech|Deeptech|Commerce,Europe|UK,1000000,12000000,https://balderton.com,"Public disclosures balderton.com, Sept 2026"
a0000001-0000-0000-0000-000000000017,Northzone,Venture Capital,4500000000,Seed|Series A|Series B,Fintech|Consumer|Web3|B2B SaaS|Health,Europe|US|Global,1000000,15000000,https://northzone.com,"Public disclosures northzone.com, Sept 2026"
a0000001-0000-0000-0000-000000000018,Y Combinator,Accelerator / Seed,3000000000,Pre-Seed|Seed,All Sectors|AI/ML|B2B SaaS|Fintech|Developer Tools|Biotech,Global,125000,500000,https://ycombinator.com,"Public standard deal terms ycombinator.com/deal, Sept 2026"
a0000001-0000-0000-0000-000000000019,First Round Capital,Venture Capital,1500000000,Pre-Seed|Seed,B2B SaaS|Fintech|Healthcare|Consumer Tech|Developer Tools,US,500000,3000000,https://firstround.com,"Public review firstround.com, Sept 2026"
a0000001-0000-0000-0000-000000000020,Initialized Capital,Venture Capital,3200000000,Seed|Series A,Developer Tools|Open Source|Fintech|AI/ML|Climate,US|Global,750000,5000000,https://initialized.com,"Public disclosures initialized.com, Sept 2026"
a0000001-0000-0000-0000-000000000021,Kleiner Perkins,Venture Capital,11000000000,Seed|Series A|Series B|Growth,AI/ML|Enterprise Software|Consumer|Fintech|Healthcare,US|Global,1000000,20000000,https://kleinerperkins.com,"Public SEC Form ADV & kleinerperkins.com, Sept 2026"
a0000001-0000-0000-0000-000000000022,Greylock Partners,Venture Capital,9000000000,Seed|Series A|Series B,AI/ML|Cybersecurity|B2B SaaS|Data Infrastructure|Marketplaces,US,1000000,15000000,https://greylock.com,"Public website greylock.com, Sept 2026"
a0000001-0000-0000-0000-000000000023,New Enterprise Associates (NEA),Venture Capital,26000000000,Seed|Series A|Series B|Growth,Enterprise Tech|Healthcare|Biotech|Fintech|AI/ML,US|Global,1000000,25000000,https://nea.com,"Public SEC Form ADV & nea.com, Sept 2026"
a0000001-0000-0000-0000-000000000024,Redpoint Ventures,Venture Capital,6000000000,Seed|Series A|Series B,Infrastructure|AI/ML|Developer Tools|B2B SaaS|Fintech,US|Global,1000000,12000000,https://redpoint.com,"Public website redpoint.com, Sept 2026"
a0000001-0000-0000-0000-000000000025,Craft Ventures,Venture Capital,3500000000,Seed|Series A|Series B,B2B SaaS|Marketplaces|Fintech|Crypto|AI Applications,US,1000000,15000000,https://craftventures.com,"Public announcements & craftventures.com, Sept 2026"
a0000001-0000-0000-0000-000000000026,Menlo Ventures,Venture Capital,5500000000,Seed|Series A|Series B,AI/ML|Enterprise Software|Cybersecurity|Consumer|Healthcare,US,1000000,15000000,https://menlovc.com,"Public announcements & menlovc.com, Sept 2026"
a0000001-0000-0000-0000-000000000027,Institutional Venture Partners (IVP),Growth Equity,12000000000,Series B|Growth|ScaleUp,Enterprise SaaS|AI Applications|Cybersecurity|Fintech,US|Europe|Global,10000000,50000000,https://ivp.com,"Public SEC filings & ivp.com, Sept 2026"
a0000001-0000-0000-0000-000000000028,Spark Capital,Venture Capital,4000000000,Seed|Series A|Series B|Growth,AI/ML|Design Tools|Fintech|Consumer|Crypto,US,1000000,15000000,https://sparkcapital.com,"Public website sparkcapital.com, Sept 2026"
a0000001-0000-0000-0000-000000000029,CRV (Charles River Ventures),Venture Capital,5000000000,Seed|Series A|Series B,Enterprise SaaS|AI Infrastructure|Fintech|Developer Tools|Consumer,US,1000000,12000000,https://crv.com,"Public disclosures crv.com, Sept 2026"
a0000001-0000-0000-0000-000000000030,Union Square Ventures (USV),Venture Capital,2500000000,Seed|Series A,Networks|Crypto/Web3|Climate Tech|Fintech|Developer Tools,US|Europe|Global,1000000,8000000,https://usv.com,"Public thesis disclosures usv.com/thesis, Sept 2026"
a0000001-0000-0000-0000-000000000031,Slow Ventures,Venture Capital,1000000000,Pre-Seed|Seed|Series A,AI/ML|Fintech|Crypto|Consumer Tech|Creator Economy,US,250000,3000000,https://slow.co,"Public disclosures slow.co, Sept 2026"
a0000001-0000-0000-0000-000000000032,8VC,Venture Capital,6000000000,Seed|Series A|Series B,Enterprise AI|Bio/Healthcare|Logistics|Defense|Fintech,US|Global,1000000,15000000,https://8vc.com,"Public website 8vc.com, Sept 2026"
a0000001-0000-0000-0000-000000000033,Lux Capital,Venture Capital,5000000000,Seed|Series A|Series B,Deeptech|Defense|Robotics|Biotech|AI/ML|Aerospace,US|Global,1000000,15000000,https://luxcapital.com,"Public SEC disclosures luxcapital.com, Sept 2026"
a0000001-0000-0000-0000-000000000034,Forerunner Ventures,Venture Capital,2000000000,Seed|Series A|Series B,Commerce|Consumer Tech|Fintech|Modern Work|Health,US,1000000,10000000,https://forerunnerventures.com,"Public disclosures forerunnerventures.com, Sept 2026"
a0000001-0000-0000-0000-000000000035,Felicis Ventures,Venture Capital,3000000000,Seed|Series A|Series B,AI/ML|Cybersecurity|Healthtech|Fintech|Infrastructure,US|Global,1000000,10000000,https://felicis.com,"Public website felicis.com, Sept 2026"
a0000001-0000-0000-0000-000000000036,Unusual Ventures,Venture Capital,1000000000,Pre-Seed|Seed|Series A,Developer Tools|Cybersecurity|Enterprise SaaS|AI/ML,US,500000,5000000,https://unusual.vc,"Public disclosures unusual.vc, Sept 2026"
a0000001-0000-0000-0000-000000000037,Costanoa Ventures,Venture Capital,1200000000,Seed|Series A,Data Infrastructure|Fintech|Cybersecurity|AI/ML|B2B SaaS,US,1000000,6000000,https://costanoavc.com,"Public disclosures costanoavc.com, Sept 2026"
a0000001-0000-0000-0000-000000000038,Haystack,Micro VC,350000000,Pre-Seed|Seed,Developer Infrastructure|Fintech|AI/ML|Marketplaces,US|Global,250000,2000000,https://haystack.vc,"Public disclosures haystack.vc, Sept 2026"
a0000001-0000-0000-0000-000000000039,Cowboy Ventures,Venture Capital,500000000,Pre-Seed|Seed,Enterprise Software|AI/ML|B2B SaaS|Fintech,US,500000,3000000,https://cowboy.vc,"Public disclosures cowboy.vc, Sept 2026"
a0000001-0000-0000-0000-000000000040,SV Angel,Angel Syndicate,500000000,Pre-Seed|Seed,All Sectors|AI/ML|B2B SaaS|Consumer|Healthcare,US|Global,100000,1000000,https://svangel.com,"Public announcements svangel.com, Sept 2026"
a0000001-0000-0000-0000-000000000041,Bain Capital Ventures,Venture Capital,10000000000,Seed|Series A|Series B|Growth,Fintech|Infrastructure|Commerce|Healthcare|Apps,US|Global,1000000,25000000,https://baincapitalventures.com,"Public disclosures baincapitalventures.com, Sept 2026"
a0000001-0000-0000-0000-000000000042,Battery Ventures,Venture Capital,13000000000,Seed|Series A|Series B|Growth,B2B Software|Infrastructure|Industrial Tech|Consumer,US|Europe|Israel|Global,1000000,30000000,https://battery.com,"Public website battery.com, Sept 2026"
a0000001-0000-0000-0000-000000000043,Sapphire Ventures,Growth Equity,10000000000,Series A|Series B|Growth,Enterprise Software|Cybersecurity|Data Infrastructure|AI/ML,US|Europe|Global,5000000,40000000,https://sapphireventures.com,"Public SEC disclosures sapphireventures.com, Sept 2026"
a0000001-0000-0000-0000-000000000044,Headline,Venture Capital,3000000000,Seed|Series A|Series B|Growth,Fintech|Enterprise SaaS|Consumer Tech|AI/ML,US|Europe|Latin America|Asia,500000,15000000,https://headline.com,"Public website headline.com, Sept 2026"
a0000001-0000-0000-0000-000000000045,Point Nine Capital,Venture Capital,600000000,Seed|Series A,B2B SaaS|B2B Marketplaces|Fintech|AI Workflows,Europe|Global,500000,5000000,https://pointnine.com,"Public blog pointnine.com, Sept 2026"
a0000001-0000-0000-0000-000000000046,Speedinvest,Venture Capital,1000000000,Pre-Seed|Seed,Fintech|Deeptech|Health|Climate|Industrial Tech|Marketplaces,Europe,250000,3000000,https://speedinvest.com,"Public website speedinvest.com, Sept 2026"
a0000001-0000-0000-0000-000000000047,Creandum,Venture Capital,2000000000,Seed|Series A,Fintech|Consumer|Enterprise SaaS|AI/ML|Climate,Europe|US,500000,10000000,https://creandum.com,"Public disclosures creandum.com, Sept 2026"
a0000001-0000-0000-0000-000000000048,Cherry Ventures,Venture Capital,800000000,Pre-Seed|Seed,B2B SaaS|Fintech|Climate|Health|Commerce|Deeptech,Europe,300000,4000000,https://cherry.vc,"Public website cherry.vc, Sept 2026"
a0000001-0000-0000-0000-000000000049,Atomico,Venture Capital,5000000000,Series A|Series B|Growth,Fintech|Deeptech|Climate|Health|Enterprise Software,Europe,2000000,20000000,https://atomico.com,"Public State of European Tech & atomico.com, Sept 2026"
a0000001-0000-0000-0000-000000000050,EQT Ventures,Venture Capital,3500000000,Seed|Series A|Series B,AI/ML|Enterprise Software|Fintech|Climate Tech|Health,Europe|US,1000000,15000000,https://eqtventures.com,"Public website eqtventures.com, Sept 2026"
a0000001-0000-0000-0000-000000000051,LocalGlobe,Venture Capital,800000000,Pre-Seed|Seed,Fintech|AI/ML|B2B SaaS|Healthtech|Climate,Europe|UK,250000,2500000,https://localglobe.vc,"Public disclosures localglobe.vc, Sept 2026"
a0000001-0000-0000-0000-000000000052,Seedcamp,Accelerator / Seed,500000000,Pre-Seed|Seed,AI/ML|Fintech|B2B SaaS|Developer Tools|Healthtech,Europe|UK,200000,1500000,https://seedcamp.com,"Public deal terms seedcamp.com, Sept 2026"
a0000001-0000-0000-0000-000000000053,Hoxton Ventures,Venture Capital,600000000,Seed|Series A,AI/ML|Enterprise Software|Fintech|Healthtech|Biotech,Europe|US,500000,5000000,https://hoxtonventures.com,"Public website hoxtonventures.com, Sept 2026"
a0000001-0000-0000-0000-000000000054,Flybridge Capital Partners,Venture Capital,1000000000,Pre-Seed|Seed,AI/ML|Developer Tools|Open Source|Enterprise Software,US,500000,3000000,https://flybridge.com,"Public website flybridge.com, Sept 2026"
a0000001-0000-0000-0000-000000000055,Angular Ventures,Micro VC,200000000,Pre-Seed|Seed,Deeptech|Enterprise Tech|Developer Tools|AI Infrastructure,Europe|Israel,250000,2000000,https://angularventures.com,"Public website angularventures.com, Sept 2026"
a0000001-0000-0000-0000-000000000056,Antler,Accelerator / Seed,1000000000,Pre-Seed|Seed,All Sectors|AI/ML|Fintech|Climate|Health,Global|Europe|Asia|US,100000,300000,https://antler.co,"Public program details antler.co, Sept 2026"
a0000001-0000-0000-0000-000000000057,Techstars,Accelerator / Seed,1500000000,Pre-Seed|Seed,All Sectors|AI/ML|B2B SaaS|Fintech|Sustainability,Global,120000,250000,https://techstars.com,"Public term sheet techstars.com, Sept 2026"
a0000001-0000-0000-0000-000000000058,Kalaari Capital,Venture Capital,800000000,Seed|Series A,Fintech|Enterprise Tech|Consumer|Deeptech|Gaming,India,500000,5000000,https://kalaari.com,"Public website kalaari.com, Sept 2026"
a0000001-0000-0000-0000-000000000059,Nexus Venture Partners,Venture Capital,2500000000,Seed|Series A|Series B,AI Infrastructure|Developer Tools|B2B SaaS|Fintech|Commerce,US|India,1000000,10000000,https://nexusvp.com,"Public website nexusvp.com, Sept 2026"
a0000001-0000-0000-0000-000000000060,3one4 Capital,Venture Capital,750000000,Seed|Series A|Series B,Fintech|Enterprise SaaS|AI/ML|Digital Health|Consumer,India|Global,500000,5000000,https://3one4capital.com,"Public disclosures 3one4capital.com, Sept 2026"
a0000001-0000-0000-0000-000000000061,Stellaris Venture Partners,Venture Capital,600000000,Seed|Series A,B2B SaaS|Fintech|Consumer Tech|Healthtech|Logistics,India,500000,4000000,https://stellarisvp.com,"Public website stellarisvp.com, Sept 2026"
a0000001-0000-0000-0000-000000000062,Chiratae Ventures,Venture Capital,1200000000,Seed|Series A|Series B,Fintech|Deeptech|Healthtech|Agtech|Consumer,India,500000,6000000,https://chiratae.com,"Public website chiratae.com, Sept 2026"
a0000001-0000-0000-0000-000000000063,India Quotient,Micro VC,250000000,Pre-Seed|Seed,Fintech|Consumer Tech|Social|SaaS,India,250000,2000000,https://indiaquotient.in,"Public website indiaquotient.in, Sept 2026"
a0000001-0000-0000-0000-000000000064,WaterBridge Ventures,Venture Capital,400000000,Pre-Seed|Seed|Series A,B2B SaaS|Fintech|Healthtech|Education|Logistics,India|Southeast Asia,300000,3000000,https://waterbridge.vc,"Public website waterbridge.vc, Sept 2026"
a0000001-0000-0000-0000-000000000065,Speciale Invest,Micro VC,150000000,Pre-Seed|Seed,Deeptech|SpaceTech|Robotics|Semiconductors|AI Hardware,India,200000,1500000,https://specialeinvest.com,"Public website specialeinvest.com, Sept 2026"
a0000001-0000-0000-0000-000000000066,Better Capital,Micro VC,150000000,Pre-Seed|Seed,Fintech|B2B SaaS|Edtech|Climate|Consumer,India|Global,100000,1000000,https://better.capital,"Public disclosures better.capital, Sept 2026"
a0000001-0000-0000-0000-000000000067,Saison Capital,Corporate VC,300000000,Pre-Seed|Seed,Fintech|Commerce|B2B Platforms|Web3,Southeast Asia|India|Global,200000,1500000,https://saisoncapital.com,"Public website saisoncapital.com, Sept 2026"
a0000001-0000-0000-0000-000000000068,Wavemaker Partners,Venture Capital,600000000,Seed|Series A,Enterprise SaaS|Deeptech|Sustainability|Fintech,Southeast Asia,300000,3000000,https://wavemaker.vc,"Public website wavemaker.vc, Sept 2026"
a0000001-0000-0000-0000-000000000069,Golden Gate Ventures,Venture Capital,500000000,Seed|Series A,Fintech|Healthtech|Commerce|Consumer Internet,Southeast Asia|MENA,300000,2500000,https://goldengate.vc,"Public website goldengate.vc, Sept 2026"
a0000001-0000-0000-0000-000000000070,East Ventures,Venture Capital,1500000000,Pre-Seed|Seed|Series A|Growth,All Sectors|Fintech|Commerce|Climate Tech|Healthcare,Southeast Asia|Indonesia,150000,5000000,https://east.vc,"Public website east.vc, Sept 2026"
a0000001-0000-0000-0000-000000000071,Monashees,Venture Capital,1800000000,Seed|Series A|Series B,Fintech|Logistics|Health|B2B SaaS|Education,Latin America|Brazil,500000,10000000,https://monashees.com.br,"Public disclosures monashees.com.br, Sept 2026"
a0000001-0000-0000-0000-000000000072,Kaszek,Venture Capital,3000000000,Seed|Series A|Series B,Fintech|Enterprise Software|Commerce|Education|Health,Latin America,1000000,15000000,https://kaszek.com,"Public website kaszek.com, Sept 2026"
a0000001-0000-0000-0000-000000000073,QED Investors,Venture Capital,5000000000,Seed|Series A|Series B|Growth,Fintech|Payments|Lending|Insurtech|Banking Tech,US|Latin America|Europe|UK,1000000,20000000,https://qedinvestors.com,"Public website qedinvestors.com, Sept 2026"
a0000001-0000-0000-0000-000000000074,Ribbit Capital,Venture Capital,4000000000,Seed|Series A|Series B|Growth,Fintech|Crypto/Web3|Financial Services|Insurtech,US|Global,1000000,25000000,https://ribbitcap.com,"Public SEC Form ADV & ribbitcap.com, Sept 2026"
a0000001-0000-0000-0000-000000000075,Fin Capital,Venture Capital,1200000000,Pre-Seed|Seed|Series A|Series B,B2B Fintech|Enterprise SaaS|Insurtech|Real Estate Tech,US|Europe|Global,500000,10000000,https://fin.capital,"Public website fin.capital, Sept 2026"
a0000001-0000-0000-0000-000000000076,Anthemis Group,Venture Capital,1500000000,Pre-Seed|Seed|Series A,Fintech|Insurtech|Digital Assets|Sustainability,Europe|US|Global,300000,8000000,https://anthemis.com,"Public website anthemis.com, Sept 2026"
a0000001-0000-0000-0000-000000000077,Deciens Capital,Venture Capital,400000000,Pre-Seed|Seed|Series A,Fintech|Financial Inclusion|Lending|Compliance,US|Global,250000,3000000,https://deciens.com,"Public website deciens.com, Sept 2026"
a0000001-0000-0000-0000-000000000078,Nyca Partners,Venture Capital,1500000000,Seed|Series A|Series B,Fintech|Payments|Banking Infrastructure|Credit,US,500000,10000000,https://nyca.com,"Public disclosures nyca.com, Sept 2026"
a0000001-0000-0000-0000-000000000079,Canvas Ventures,Venture Capital,1000000000,Series A|Series B,AI/ML|Fintech|Digital Health|Enterprise SaaS|Logistics,US,3000000,15000000,https://canvas.vc,"Public website canvas.vc, Sept 2026"
a0000001-0000-0000-0000-000000000080,Data Collective (DCVC),Venture Capital,3500000000,Seed|Series A|Series B,Deeptech|Computational Biotech|AI Infrastructure|Space|Climate,US|Global,1000000,15000000,https://dcvc.com,"Public SEC Form ADV & dcvc.com, Sept 2026"
a0000001-0000-0000-0000-000000000081,Playground Global,Venture Capital,1200000000,Seed|Series A|Series B,Deeptech|Quantum Computing|Robotics|AI Hardware|Next-Gen Compute,US,1000000,12000000,https://playground.vc,"Public website playground.vc, Sept 2026"
a0000001-0000-0000-0000-000000000082,Two Sigma Ventures,Venture Capital,1800000000,Seed|Series A|Series B,AI/ML|Data Science|SaaS|Fintech|Biotech,US,1000000,10000000,https://twosigmaventures.com,"Public website twosigmaventures.com, Sept 2026"
a0000001-0000-0000-0000-000000000083,Radical Ventures,Venture Capital,1500000000,Seed|Series A|Series B,AI/ML|Foundation Models|Computer Vision|Robotics|Enterprise AI,US|Canada|Global,1000000,15000000,https://radical.vc,"Public website radical.vc, Sept 2026"
a0000001-0000-0000-0000-000000000084,Amplify Partners,Venture Capital,1200000000,Seed|Series A,Developer Tools|Data Infrastructure|AI/ML|Cybersecurity,US,1000000,8000000,https://amplifypartners.com,"Public website amplifypartners.com, Sept 2026"
a0000001-0000-0000-0000-000000000085,Foundation Capital,Venture Capital,4000000000,Seed|Series A|Series B,Fintech|Enterprise SaaS|Crypto|AI Applications|Climate,US,1000000,12000000,https://foundationcapital.com,"Public website foundationcapital.com, Sept 2026"
a0000001-0000-0000-0000-000000000086,True Ventures,Venture Capital,3800000000,Pre-Seed|Seed|Series A,Hardware|Consumer Tech|AI/ML|Developer Tools|Healthcare,US|Global,500000,6000000,https://trueventures.com,"Public disclosures trueventures.com, Sept 2026"
a0000001-0000-0000-0000-000000000087,ENIAC Ventures,Venture Capital,400000000,Pre-Seed|Seed,AI/ML|Developer Tools|B2B SaaS|Fintech|Commerce,US,300000,3000000,https://eniac.vc,"Public website eniac.vc, Sept 2026"
a0000001-0000-0000-0000-000000000088,Uncork Capital,Venture Capital,800000000,Pre-Seed|Seed,B2B SaaS|Developer Infrastructure|Fintech|Hardware,US,500000,3500000,https://uncorkcapital.com,"Public website uncorkcapital.com, Sept 2026"
a0000001-0000-0000-0000-000000000089,Floodgate,Venture Capital,750000000,Pre-Seed|Seed,AI/ML|Developer Tools|Marketplaces|Cybersecurity|Fintech,US,500000,3000000,https://floodgate.com,"Public website floodgate.com, Sept 2026"
a0000001-0000-0000-0000-000000000090,Lerer Hippeau,Venture Capital,1200000000,Pre-Seed|Seed|Series A,Enterprise SaaS|Fintech|Consumer Tech|Media|Health,US,250000,3000000,https://lererhippeau.com,"Public disclosures lererhippeau.com, Sept 2026"
a0000001-0000-0000-0000-000000000091,Greycroft,Venture Capital,3000000000,Seed|Series A|Series B|Growth,Enterprise Software|Fintech|Consumer Tech|Healthcare|AI,US|Global,1000000,15000000,https://greycroft.com,"Public website greycroft.com, Sept 2026"
a0000001-0000-0000-0000-000000000092,BoxGroup,Micro VC,400000000,Pre-Seed|Seed,Fintech|AI/ML|Consumer Tech|Healthcare|Climate,US,100000,1000000,https://boxgroup.com,"Public website boxgroup.com, Sept 2026"
a0000001-0000-0000-0000-000000000093,Thrive Capital,Venture Capital,15000000000,Seed|Series A|Series B|Growth,AI/ML|Fintech|Healthcare|Enterprise Software|Consumer,US|Global,2000000,35000000,https://thrivecap.com,"Public SEC Form ADV & thrivecap.com, Sept 2026"
a0000001-0000-0000-0000-000000000094,Bessemer India,Venture Capital,1500000000,Seed|Series A|Series B,Fintech|Cloud Software|Consumer|Healthtech|Logistics,India,1000000,15000000,https://bvp.com/india,"Public disclosures bvp.com/india, Sept 2026"
a0000001-0000-0000-0000-000000000095,Lightspeed India,Venture Capital,1800000000,Seed|Series A|Series B,B2B SaaS|Fintech|AI/ML|Consumer Tech|Edtech,India,750000,12000000,https://lsvp.com/india,"Public disclosures lsvp.com, Sept 2026"
a0000001-0000-0000-0000-000000000096,Accel India,Venture Capital,2000000000,Seed|Series A|Series B,B2B SaaS|Fintech|Consumer Internet|AI Applications,India,500000,10000000,https://accel.com/india,"Public announcements accel.com, Sept 2026"
a0000001-0000-0000-0000-000000000097,Khosla India,Venture Capital,500000000,Seed|Series A,Deeptech|Fintech|Healthtech|Climate Tech,India,500000,5000000,https://khoslaventures.com,"Public website khoslaventures.com, Sept 2026"
a0000001-0000-0000-0000-000000000098,Surge (Peak XV),Accelerator / Seed,500000000,Pre-Seed|Seed,AI/ML|Developer Tools|Fintech|Consumer Tech|Healthtech,India|Southeast Asia,1000000,3000000,https://surgeahead.com,"Public program terms surgeahead.com, Sept 2026"
a0000001-0000-0000-0000-000000000099,Anthemis Female Innovators Lab,Venture Capital,100000000,Pre-Seed|Seed,Fintech|Insurtech|Digital Wealth|Commerce,US|Europe|UK,200000,1000000,https://anthemis.com/female-innovators-lab,"Public website anthemis.com, Sept 2026"
a0000001-0000-0000-0000-000000000100,Gradient Ventures (Google AI Fund),Corporate VC,500000000,Seed|Series A,AI/ML|Developer Tools|Enterprise AI|Robotics|Data,US|Global,500000,5000000,https://gradient.com,"Public website gradient.com, Sept 2026"
a0000002-0000-0000-0000-000000000001,ROCKSTUD CAPITAL,Venture Capital,250000000,Seed|Series A|Series B,AI/ML|B2B SaaS|Fintech|Healthcare,"Mumbai, Maharashtra, India",250000,5000000,,Investor_list.xlsx:Sheet1
a0000002-0001-0000-0000-000000000001,Kotak Mahindra Investments,Venture Capital,250000000,Seed|Series A|Series B,AI/ML|B2B SaaS|Fintech|Healthcare,"Delhi, India",250000,5000000,,Investor_list.xlsx:Sheet1
a0000002-0002-0000-0000-000000000001,KOTAK PRIVATE,Venture Capital,250000000,Seed|Series A|Series B,AI/ML|B2B SaaS|Fintech|Healthcare,Mumbai Metropolitan Region,250000,5000000,https://kotak.com,Investor_list.xlsx:Sheet1
a0000002-0003-0000-0000-000000000001,Freshworks,Venture Capital,250000000,Seed|Series A|Series B,AI/ML|B2B SaaS|Fintech|Healthcare,"Mumbai, Maharashtra, India",250000,5000000,,Investor_list.xlsx:Sheet1
a0000002-0004-0000-0000-000000000001,Unigold Finance Ltd,Venture Capital,250000000,Seed|Series A|Series B,AI/ML|B2B SaaS|Fintech|Healthcare,"Mumbai, Maharashtra, India",250000,5000000,,Investor_list.xlsx:Sheet1
a0000002-0005-0000-0000-000000000001,"EPIC Foundation, India",Family Office / LP Allocator,500000000,Acquisition|Value-Add|Core,Diversified Alternatives|Fund Commitments,"South Delhi, Delhi, India",1000000,25000000,,Investor_list.xlsx:Sheet1
a0000002-0006-0000-0000-000000000001,Ericsson,Venture Capital,250000000,Seed|Series A|Series B,AI/ML|B2B SaaS|Fintech|Healthcare,"South Delhi, Delhi, India",250000,5000000,,Investor_list.xlsx:Sheet1
a0000002-0007-0000-0000-000000000001,Reflexical Pte Ltd,Venture Capital,250000000,Seed|Series A|Series B,AI/ML|B2B SaaS|Fintech|Healthcare,"Dubai, United Arab Emirates",250000,5000000,https://timvaniersel.nl,Investor_list.xlsx:Sheet1
a0000002-0008-0000-0000-000000000001,Wozo Gaming,Venture Capital,250000000,Seed|Series A|Series B,AI/ML|B2B SaaS|Fintech|Healthcare,"Delhi, India",250000,5000000,https://wozogaming.com,Investor_list.xlsx:Sheet1
a0000002-0009-0000-0000-000000000001,Indifi Technologies Pvt Ltd,Venture Capital,250000000,Seed|Series A|Series B,AI/ML|B2B SaaS|Fintech|Healthcare,"Gurgaon, Haryana, India",250000,5000000,,Investor_list.xlsx:Sheet1
a0000002-0010-0000-0000-000000000001,boAt Lifestyle,Venture Capital,250000000,Seed|Series A|Series B,AI/ML|B2B SaaS|Fintech|Healthcare,"Delhi, India",250000,5000000,https://www.boat-lifestyle.com/,Investor_list.xlsx:Sheet1
a0000002-0011-0000-0000-000000000001,JIOGENNEXT,Venture Capital,250000000,Seed|Series A|Series B,AI/ML|B2B SaaS|Fintech|Healthcare,"Mumbai, Maharashtra, India",250000,5000000,https://jiogennext.com,Investor_list.xlsx:Sheet1
a0000002-0012-0000-0000-000000000001,INVESTEC,Venture Capital,250000000,Seed|Series A|Series B,AI/ML|B2B SaaS|Fintech|Healthcare,"Mumbai, Maharashtra, India",250000,5000000,https://investec.co.uk,Investor_list.xlsx:Sheet1
a0000002-0013-0000-0000-000000000001,Factoryal,Venture Capital,250000000,Seed|Series A|Series B,AI/ML|B2B SaaS|Fintech|Healthcare,"New Delhi, Delhi, India",250000,5000000,,Investor_list.xlsx:Sheet1
a0000002-0014-0000-0000-000000000001,CarDekho Group,Venture Capital,250000000,Seed|Series A|Series B,AI/ML|B2B SaaS|Fintech|Healthcare,"Jaipur, Rajasthan, India",250000,5000000,https://www.cardekho.com/,Investor_list.xlsx:Sheet1
a0000002-0015-0000-0000-000000000001,CSL Finance Limited,Venture Capital,250000000,Seed|Series A|Series B,AI/ML|B2B SaaS|Fintech|Healthcare,"Gurgaon, Haryana, India",250000,5000000,https://cslfinance.in,Investor_list.xlsx:Sheet1
a0000002-0016-0000-0000-000000000001,Prime Venture Partners,Venture Capital,250000000,Seed|Series A|Series B,AI/ML|B2B SaaS|Fintech|Healthcare,"Bengaluru, Karnataka, India",250000,5000000,https://primevp.in,Investor_list.xlsx:Sheet1
a0000002-0017-0000-0000-000000000001,Pine Labs,Venture Capital,250000000,Seed|Series A|Series B,AI/ML|B2B SaaS|Fintech|Healthcare,Singapore,250000,5000000,https://pinelabs.com,Investor_list.xlsx:Sheet1
a0000002-0018-0000-0000-000000000001,crescendo,Venture Capital,250000000,Seed|Series A|Series B,AI/ML|B2B SaaS|Fintech|Healthcare,San Francisco Bay Area,250000,5000000,https://crescendocx.ai,Investor_list.xlsx:Sheet1
a0000002-0019-0000-0000-000000000001,Sakhatech Information Systems Pvt. Ltd,Venture Capital,250000000,Seed|Series A|Series B,AI/ML|B2B SaaS|Fintech|Healthcare,"Bengaluru, Karnataka, India",250000,5000000,,Investor_list.xlsx:Sheet1
a0000002-0020-0000-0000-000000000001,Capillary Technologies,Venture Capital,250000000,Seed|Series A|Series B,AI/ML|B2B SaaS|Fintech|Healthcare,"Bengaluru, Karnataka, India",250000,5000000,,Investor_list.xlsx:Sheet1
a0000002-0021-0000-0000-000000000001,Artha Venture Fund,Venture Capital,250000000,Seed|Series A|Series B,AI/ML|B2B SaaS|Fintech|Healthcare,"Mumbai, Maharashtra, India",250000,5000000,,Investor_list.xlsx:Sheet1
a0000002-0022-0000-0000-000000000001,UTI Mutual Fund,Venture Capital,250000000,Seed|Series A|Series B,AI/ML|B2B SaaS|Fintech|Healthcare,"Mumbai, Maharashtra, India",250000,5000000,,Investor_list.xlsx:Sheet1
a0000002-0023-0000-0000-000000000001,UDTARA VENTURES,Venture Capital,250000000,Seed|Series A|Series B,AI/ML|B2B SaaS|Fintech|Healthcare,"Bengaluru, Karnataka, India",250000,5000000,https://udtaraventures.com,Investor_list.xlsx:Sheet1
a0000002-0024-0000-0000-000000000001,Shaadi.com,Venture Capital,250000000,Seed|Series A|Series B,AI/ML|B2B SaaS|Fintech|Healthcare,"Mumbai, Maharashtra, India",250000,5000000,,Investor_list.xlsx:Sheet1
a0000002-0025-0000-0000-000000000001,koo,Venture Capital,250000000,Seed|Series A|Series B,AI/ML|B2B SaaS|Fintech|Healthcare,India,250000,5000000,,Investor_list.xlsx:Sheet1
a0000002-0026-0000-0000-000000000001,V3 Ventures,Venture Capital,250000000,Seed|Series A|Series B,AI/ML|B2B SaaS|Fintech|Healthcare,"Mumbai, Maharashtra, India",250000,5000000,https://www.v3.ventures/,Investor_list.xlsx:Sheet1
a0000002-0027-0000-0000-000000000001,Cholamandalam Investment and Finance Company Limited,Venture Capital,250000000,Seed|Series A|Series B,AI/ML|B2B SaaS|Fintech|Healthcare,India,250000,5000000,,Investor_list.xlsx:Sheet1
a0000002-0028-0000-0000-000000000001,Aperio.Partners,Venture Capital,250000000,Seed|Series A|Series B,AI/ML|B2B SaaS|Fintech|Healthcare,"Mumbai, Maharashtra, India",250000,5000000,,Investor_list.xlsx:Sheet1
a0000002-0029-0000-0000-000000000001,BharatPe,Venture Capital,250000000,Seed|Series A|Series B,AI/ML|B2B SaaS|Fintech|Healthcare,"South Delhi, Delhi, India",250000,5000000,https://bharatpe.com/,Investor_list.xlsx:Sheet1
a0000002-0030-0000-0000-000000000001,BILLBOARDS INDIA,Venture Capital,250000000,Seed|Series A|Series B,AI/ML|B2B SaaS|Fintech|Healthcare,"Hyderabad, Telangana, India",250000,5000000,,Investor_list.xlsx:Sheet1
a0000002-0031-0000-0000-000000000001,Ola,Venture Capital,250000000,Seed|Series A|Series B,AI/ML|B2B SaaS|Fintech|Healthcare,India,250000,5000000,https://olacabs.com,Investor_list.xlsx:Sheet1
a0000002-0032-0000-0000-000000000001,Tradeindia.com - Infocom Network Private Limited,Venture Capital,250000000,Seed|Series A|Series B,AI/ML|B2B SaaS|Fintech|Healthcare,Greater Delhi Area,250000,5000000,,Investor_list.xlsx:Sheet1
a0000002-0033-0000-0000-000000000001,Flipkart,Venture Capital,250000000,Seed|Series A|Series B,AI/ML|B2B SaaS|Fintech|Healthcare,Singapore,250000,5000000,https://flipkart.com,Investor_list.xlsx:Sheet1
a0000002-0034-0000-0000-000000000001,BAKER STREET DIGITAL,Venture Capital,250000000,Seed|Series A|Series B,AI/ML|B2B SaaS|Fintech|Healthcare,"Pune, Maharashtra, India",250000,5000000,,Investor_list.xlsx:Sheet1
a0000002-0035-0000-0000-000000000001,MAKEMYTRIP.COM,Venture Capital,250000000,Seed|Series A|Series B,AI/ML|B2B SaaS|Fintech|Healthcare,"Gurgaon, Haryana, India",250000,5000000,https://makemytrip.com,Investor_list.xlsx:Sheet1
a0000002-0036-0000-0000-000000000001,Redcliffe Labs,Venture Capital,250000000,Seed|Series A|Series B,AI/ML|B2B SaaS|Fintech|Healthcare,United Kingdom,250000,5000000,https://redcliffelabs.com,Investor_list.xlsx:Sheet1
a0000002-0037-0000-0000-000000000001,V3 Staffing Solutions India P Limited,Venture Capital,250000000,Seed|Series A|Series B,AI/ML|B2B SaaS|Fintech|Healthcare,"Hyderabad, Telangana, India",250000,5000000,https://v3staffing.in,Investor_list.xlsx:Sheet1
a0000002-0038-0000-0000-000000000001,FLAME UNIVERSITY - PGP - ENTREPRENEURSHIP & INNOVATION,Venture Capital,250000000,Seed|Series A|Series B,AI/ML|B2B SaaS|Fintech|Healthcare,"Bengaluru, Karnataka, India",250000,5000000,,Investor_list.xlsx:Sheet1
a0000002-0039-0000-0000-000000000001,Nykaa,Venture Capital,250000000,Seed|Series A|Series B,AI/ML|B2B SaaS|Fintech|Healthcare,"Mumbai, Maharashtra, India",250000,5000000,https://nykaa.com,Investor_list.xlsx:Sheet1
a0000002-0040-0000-0000-000000000001,Unacademy,Venture Capital,250000000,Seed|Series A|Series B,AI/ML|B2B SaaS|Fintech|Healthcare,"Bengaluru, Karnataka, India",250000,5000000,https://unacademy.com,Investor_list.xlsx:Sheet1
a0000002-0041-0000-0000-000000000001,KNIGHTHOOD INDIA,Venture Capital,250000000,Seed|Series A|Series B,AI/ML|B2B SaaS|Fintech|Healthcare,"Dubai, United Arab Emirates",250000,5000000,https://knighthoodindia.com,Investor_list.xlsx:Sheet1
a0000002-0042-0000-0000-000000000001,gokulrajaram,Venture Capital,250000000,Seed|Series A|Series B,AI/ML|B2B SaaS|Fintech|Healthcare,San Francisco Bay Area,250000,5000000,https://doordash.com,Investor_list.xlsx:Sheet1
a0000002-0043-0000-0000-000000000001,True North Co,Venture Capital,250000000,Seed|Series A|Series B,AI/ML|B2B SaaS|Fintech|Healthcare,"Mumbai, Maharashtra, India",250000,5000000,https://truenorthinc.com,Investor_list.xlsx:Sheet1
a0000002-0044-0000-0000-000000000001,Razorpay,Venture Capital,250000000,Seed|Series A|Series B,AI/ML|B2B SaaS|Fintech|Healthcare,"Bengaluru, Karnataka, India",250000,5000000,https://razorpay.com,Investor_list.xlsx:Sheet1
a0000002-0045-0000-0000-000000000001,Maker Bhavan Foundation,Family Office / LP Allocator,500000000,Acquisition|Value-Add|Core,Diversified Alternatives|Fund Commitments,"South Delhi, Delhi, India",1000000,25000000,,Investor_list.xlsx:Sheet1
a0000002-0046-0000-0000-000000000001,GOOD PROTEIN FUND,Venture Capital,250000000,Seed|Series A|Series B,AI/ML|B2B SaaS|Fintech|Healthcare,Singapore,250000,5000000,https://goodstartup.com,Investor_list.xlsx:Sheet1
a0000002-0047-0000-0000-000000000001,HAF,Venture Capital,250000000,Seed|Series A|Series B,AI/ML|B2B SaaS|Fintech|Healthcare,"Marlboro, New Jersey, United States",250000,5000000,https://haf.vc,Investor_list.xlsx:Sheet1
a0000002-0048-0000-0000-000000000001,DZITRA,Venture Capital,250000000,Seed|Series A|Series B,AI/ML|B2B SaaS|Fintech|Healthcare,"Bengaluru, Karnataka, India",250000,5000000,https://dzitra.com,Investor_list.xlsx:Sheet1
a0000002-0049-0000-0000-000000000001,Titan Capital,Venture Capital,250000000,Seed|Series A|Series B,AI/ML|B2B SaaS|Fintech|Healthcare,"Delhi, India",250000,5000000,,Investor_list.xlsx:Sheet1
a0000002-0050-0000-0000-000000000001,CRED,Venture Capital,250000000,Seed|Series A|Series B,AI/ML|B2B SaaS|Fintech|Healthcare,"Bengaluru, Karnataka, India",250000,5000000,,Investor_list.xlsx:Sheet1
a0000002-0051-0000-0000-000000000001,"Groww, India",Venture Capital,250000000,Seed|Series A|Series B,AI/ML|B2B SaaS|Fintech|Healthcare,"Bengaluru, Karnataka, India",250000,5000000,https://groww.in,Investor_list.xlsx:Sheet1
a0000002-0052-0000-0000-000000000001,Shoogloo Group,Venture Capital,250000000,Seed|Series A|Series B,AI/ML|B2B SaaS|Fintech|Healthcare,"Gurgaon, Haryana, India",250000,5000000,https://shoogloo.com,Investor_list.xlsx:Sheet1
a0000002-0053-0000-0000-000000000001,KLUDI,Venture Capital,250000000,Seed|Series A|Series B,AI/ML|B2B SaaS|Fintech|Healthcare,"Dubai, United Arab Emirates",250000,5000000,https://kludi.com,Investor_list.xlsx:Sheet1
a0000002-0054-0000-0000-000000000001,Udhyam Learning Foundation,Family Office / LP Allocator,500000000,Acquisition|Value-Add|Core,Diversified Alternatives|Fund Commitments,"Bengaluru, Karnataka, India",1000000,25000000,https://udhyam.org,Investor_list.xlsx:Sheet1
a0000002-0055-0000-0000-000000000001,Narnolia Group of Companies,Venture Capital,250000000,Seed|Series A|Series B,AI/ML|B2B SaaS|Fintech|Healthcare,"Bengaluru, Karnataka, India",250000,5000000,https://narnolia.com,Investor_list.xlsx:Sheet1
a0000002-0056-0000-0000-000000000001,CREDENCE FAMILY OFFICE,Family Office / LP Allocator,500000000,Acquisition|Value-Add|Core,Diversified Alternatives|Fund Commitments,"Bengaluru, Karnataka, India",1000000,25000000,https://credencefamilyoffice.com,Investor_list.xlsx:Sheet1
a0000002-0057-0000-0000-000000000001,Aarin Capital,Venture Capital,250000000,Seed|Series A|Series B,AI/ML|B2B SaaS|Fintech|Healthcare,"Bengaluru, Karnataka, India",250000,5000000,https://havells.com,Investor_list.xlsx:Sheet1
a0000002-0058-0000-0000-000000000001,Pravega Ventures,Venture Capital,250000000,Seed|Series A|Series B,AI/ML|B2B SaaS|Fintech|Healthcare,"Gurgaon, Haryana, India",250000,5000000,https://pravegavc.com,Investor_list.xlsx:Sheet1
a0000002-0059-0000-0000-000000000001,nasscom,Venture Capital,250000000,Seed|Series A|Series B,AI/ML|B2B SaaS|Fintech|Healthcare,"Chandigarh, India",250000,5000000,,Investor_list.xlsx:Sheet1
a0000002-0060-0000-0000-000000000001,InMobi,Venture Capital,250000000,Seed|Series A|Series B,AI/ML|B2B SaaS|Fintech|Healthcare,India,250000,5000000,https://inmobi.com,Investor_list.xlsx:Sheet1
a0000002-0061-0000-0000-000000000001,Texport Industries Pvt. Ltd.,Venture Capital,250000000,Seed|Series A|Series B,AI/ML|B2B SaaS|Fintech|Healthcare,"Mumbai, Maharashtra, India",250000,5000000,,Investor_list.xlsx:Sheet1
a0000002-0062-0000-0000-000000000001,Zerodha & Rainmatter. Learning at Rainmatter foundation.,Family Office / LP Allocator,500000000,Acquisition|Value-Add|Core,Diversified Alternatives|Fund Commitments,"Bengaluru, Karnataka, India",1000000,25000000,https://zerodha.com/,Investor_list.xlsx:Sheet1
a0000002-0063-0000-0000-000000000001,Young Indians,Venture Capital,250000000,Seed|Series A|Series B,AI/ML|B2B SaaS|Fintech|Healthcare,"Secunderbd, Telangana, India",250000,5000000,,Investor_list.xlsx:Sheet1
a0000002-0064-0000-0000-000000000001,Gaw Capital,Venture Capital,250000000,Seed|Series A|Series B,AI/ML|B2B SaaS|Fintech|Healthcare,"Mumbai, Maharashtra, India",250000,5000000,https://gawcapital.com,Investor_list.xlsx:Sheet1
a0000002-0065-0000-0000-000000000001,FRESCO GLOBAL LIMITED,Venture Capital,250000000,Seed|Series A|Series B,AI/ML|B2B SaaS|Fintech|Healthcare,"London, England, United Kingdom",250000,5000000,https://frescoglobal.com,Investor_list.xlsx:Sheet1
a0000002-0066-0000-0000-000000000001,Bandish Studios,Venture Capital,250000000,Seed|Series A|Series B,AI/ML|B2B SaaS|Fintech|Healthcare,"Pune, Maharashtra, India",250000,5000000,,Investor_list.xlsx:Sheet1
a0000002-0067-0000-0000-000000000001,WALMART GLOBAL TECH INDIA,Venture Capital,250000000,Seed|Series A|Series B,AI/ML|B2B SaaS|Fintech|Healthcare,"Bengaluru, Karnataka, India",250000,5000000,https://walmart.com,Investor_list.xlsx:Sheet1
a0000002-0068-0000-0000-000000000001,House of X,Venture Capital,250000000,Seed|Series A|Series B,AI/ML|B2B SaaS|Fintech|Healthcare,"Mumbai, Maharashtra, India",250000,5000000,https://houseofx.in/,Investor_list.xlsx:Sheet1
a0000002-0069-0000-0000-000000000001,GSF ACCELERATOR,Venture Capital,250000000,Seed|Series A|Series B,AI/ML|B2B SaaS|Fintech|Healthcare,"Gurgaon, Haryana, India",250000,5000000,https://gsfindia.com,Investor_list.xlsx:Sheet1
a0000002-0070-0000-0000-000000000001,LEO CAPITAL,Venture Capital,250000000,Seed|Series A|Series B,AI/ML|B2B SaaS|Fintech|Healthcare,"Delhi, India",250000,5000000,https://leo.capital,Investor_list.xlsx:Sheet1
a0000002-0071-0000-0000-000000000001,SAR GROUP,Venture Capital,250000000,Seed|Series A|Series B,AI/ML|B2B SaaS|Fintech|Healthcare,Singapore,250000,5000000,,Investor_list.xlsx:Sheet1
a0000002-0072-0000-0000-000000000001,Livspace,Venture Capital,250000000,Seed|Series A|Series B,AI/ML|B2B SaaS|Fintech|Healthcare,"Bengaluru, Karnataka, India",250000,5000000,https://livspace.com,Investor_list.xlsx:Sheet1
a0000002-0073-0000-0000-000000000001,Quatrro,Venture Capital,250000000,Seed|Series A|Series B,AI/ML|B2B SaaS|Fintech|Healthcare,"Delhi, India",250000,5000000,https://quatrro.com,Investor_list.xlsx:Sheet1
a0000002-0074-0000-0000-000000000001,OYO,Venture Capital,250000000,Seed|Series A|Series B,AI/ML|B2B SaaS|Fintech|Healthcare,India,250000,5000000,https://oyorooms.com,Investor_list.xlsx:Sheet1
a0000002-0075-0000-0000-000000000001,World Economic Forum,Venture Capital,250000000,Seed|Series A|Series B,AI/ML|B2B SaaS|Fintech|Healthcare,"Delh, India",250000,5000000,,Investor_list.xlsx:Sheet1
a0000002-0076-0000-0000-000000000001,Sarcha Advisors,Venture Capital,250000000,Seed|Series A|Series B,AI/ML|B2B SaaS|Fintech|Healthcare,"Gurgaon, Haryana, India",250000,5000000,https://sarchaadvisors.com,Investor_list.xlsx:Sheet1
a0000002-0077-0000-0000-000000000001,KPMG India,Venture Capital,250000000,Seed|Series A|Series B,AI/ML|B2B SaaS|Fintech|Healthcare,"Gurgaon, Haryana, India",250000,5000000,,Investor_list.xlsx:Sheet1
a0000002-0078-0000-0000-000000000001,Navi,Venture Capital,250000000,Seed|Series A|Series B,AI/ML|B2B SaaS|Fintech|Healthcare,"Bengaluru, Karnataka, India",250000,5000000,https://navi.com,Investor_list.xlsx:Sheet1
a0000002-0079-0000-0000-000000000001,Appreciate Capital,Venture Capital,250000000,Seed|Series A|Series B,AI/ML|B2B SaaS|Fintech|Healthcare,"South Delhi, Delhi, India",250000,5000000,,Investor_list.xlsx:Sheet1
a0000002-0080-0000-0000-000000000001,Unaprime Investment Advisors,Venture Capital,250000000,Seed|Series A|Series B,AI/ML|B2B SaaS|Fintech|Healthcare,"Gurgaon, Haryana, India",250000,5000000,https://unaprime.com,Investor_list.xlsx:Sheet1
a0000002-0081-0000-0000-000000000001,Axis Mutual Fund,Venture Capital,250000000,Seed|Series A|Series B,AI/ML|B2B SaaS|Fintech|Healthcare,"Ahmedabad, Gujarat, India",250000,5000000,https://axismf.com,Investor_list.xlsx:Sheet1
a0000002-0082-0000-0000-000000000001,Aurum Equity Partners LLP,Venture Capital,250000000,Seed|Series A|Series B,AI/ML|B2B SaaS|Fintech|Healthcare,India,250000,5000000,https://aurumequity.com,Investor_list.xlsx:Sheet1
a0000002-0083-0000-0000-000000000001,100X.VC,Venture Capital,250000000,Seed|Series A|Series B,AI/ML|B2B SaaS|Fintech|Healthcare,"Mumbai, Maharashtra, India",250000,5000000,https://100x.vc,Investor_list.xlsx:Sheet1
a0000002-0084-0000-0000-000000000001,SanjayPuri.com,Venture Capital,250000000,Seed|Series A|Series B,AI/ML|B2B SaaS|Fintech|Healthcare,Washington DC-Baltimore Area,250000,5000000,https://sanjaypuri.com,Investor_list.xlsx:Sheet1
a0000002-0085-0000-0000-000000000001,Bajaj Capital Ltd,Venture Capital,250000000,Seed|Series A|Series B,AI/ML|B2B SaaS|Fintech|Healthcare,"South Delhi, Delhi, India",250000,5000000,https://bajajcapital.com,Investor_list.xlsx:Sheet1
a0000002-0086-0000-0000-000000000001,CognitiveScale,Venture Capital,250000000,Seed|Series A|Series B,AI/ML|B2B SaaS|Fintech|Healthcare,"Bengaluru, Karnataka, India",250000,5000000,https://cognitivescale.com,Investor_list.xlsx:Sheet1
a0000002-0087-0000-0000-000000000001,METTL,Venture Capital,250000000,Seed|Series A|Series B,AI/ML|B2B SaaS|Fintech|Healthcare,"Gurgaon, Haryana, India",250000,5000000,https://mettl.com,Investor_list.xlsx:Sheet1
a0000002-0088-0000-0000-000000000001,AngelBay,Angel Syndicate,250000000,Seed|Series A|Series B,AI/ML|B2B SaaS|Fintech|Healthcare,"Gurgaon, Haryana, India",250000,5000000,https://angelbay.in,Investor_list.xlsx:Sheet1
a0000002-0089-0000-0000-000000000001,AlmaBetter,Venture Capital,250000000,Seed|Series A|Series B,AI/ML|B2B SaaS|Fintech|Healthcare,"Bengaluru, Karnataka, India",250000,5000000,,Investor_list.xlsx:Sheet1
a0000002-0090-0000-0000-000000000001,108 Capital,Venture Capital,250000000,Seed|Series A|Series B,AI/ML|B2B SaaS|Fintech|Healthcare,India,250000,5000000,,Investor_list.xlsx:Sheet1
a0000002-0091-0000-0000-000000000001,EKA,Venture Capital,250000000,Seed|Series A|Series B,AI/ML|B2B SaaS|Fintech|Healthcare,"Pune, Maharashtra, India",250000,5000000,,Investor_list.xlsx:Sheet1
a0000002-0092-0000-0000-000000000001,DXC Technology,Venture Capital,250000000,Seed|Series A|Series B,AI/ML|B2B SaaS|Fintech|Healthcare,"Chennai, Tamil Nadu, India",250000,5000000,,Investor_list.xlsx:Sheet1
a0000002-0093-0000-0000-000000000001,Lighthouse Canton Pte Ltd,Venture Capital,250000000,Seed|Series A|Series B,AI/ML|B2B SaaS|Fintech|Healthcare,Singapore,250000,5000000,https://lighthouse-canton.com,Investor_list.xlsx:Sheet1
a0000002-0094-0000-0000-000000000001,INFINITYX INNOVATIONS,Venture Capital,250000000,Seed|Series A|Series B,AI/ML|B2B SaaS|Fintech|Healthcare,"Chennai, Tamil Nadu, India",250000,5000000,,Investor_list.xlsx:Sheet1
a0000002-0095-0000-0000-000000000001,TIE DEHRADUN,Venture Capital,250000000,Seed|Series A|Series B,AI/ML|B2B SaaS|Fintech|Healthcare,"Dehradun, Uttarakhand, India",250000,5000000,,Investor_list.xlsx:Sheet1
a0000002-0096-0000-0000-000000000001,Offline,Venture Capital,250000000,Seed|Series A|Series B,AI/ML|B2B SaaS|Fintech|Healthcare,"Delhi, India",250000,5000000,https://offline.club,Investor_list.xlsx:Sheet1
a0000002-0097-0000-0000-000000000001,Honasa Consumer Pvt Ltd,Venture Capital,250000000,Seed|Series A|Series B,AI/ML|B2B SaaS|Fintech|Healthcare,"Gurgaon, Haryana, India",250000,5000000,https://mamaearth.in,Investor_list.xlsx:Sheet1
a0000002-0098-0000-0000-000000000001,10-in-10,Venture Capital,250000000,Seed|Series A|Series B,AI/ML|B2B SaaS|Fintech|Healthcare,"Mumbai, Maharashtra, India",250000,5000000,https://xinx.co,Investor_list.xlsx:Sheet1
a0000002-0099-0000-0000-000000000001,Paytm,Venture Capital,250000000,Seed|Series A|Series B,AI/ML|B2B SaaS|Fintech|Healthcare,"New Delhi, Delhi, India",250000,5000000,https://paytm.com,Investor_list.xlsx:Sheet1
a0000002-0100-0000-0000-000000000001,Global Assure,Angel Syndicate,250000000,Seed|Series A|Series B,AI/ML|B2B SaaS|Fintech|Healthcare,"Gurugram, Haryana, India",250000,5000000,https://globalassure.com,Investor_list.xlsx:Sheet1
a0000002-0101-0000-0000-000000000001,Alpine Infra Heights LLP,Venture Capital,250000000,Seed|Series A|Series B,AI/ML|B2B SaaS|Fintech|Healthcare,"Mumbai, Maharashtra, India",250000,5000000,https://Alpine Infra Heights LLP,Investor_list.xlsx:Sheet1
a0000002-0102-0000-0000-000000000001,Findstone Internet P. Ltd.,Angel Syndicate,250000000,Seed|Series A|Series B,AI/ML|B2B SaaS|Fintech|Healthcare,US|Global,250000,5000000,,Investor_list.xlsx:Sheet1
a0000002-0103-0000-0000-000000000001,Wepartner Consult,Venture Capital,250000000,Seed|Series A|Series B,AI/ML|B2B SaaS|Fintech|Healthcare,"Mumbai, Maharashtra, India",250000,5000000,,Investor_list.xlsx:Sheet1
a0000002-0104-0000-0000-000000000001,VENTUREGARAGE,Venture Capital,250000000,Seed|Series A|Series B,AI/ML|B2B SaaS|Fintech|Healthcare,"Delhi, India",250000,5000000,https://venturegarage.in,Investor_list.xlsx:Sheet1
a0000002-0105-0000-0000-000000000001,SUGAR Cosmetics,Venture Capital,250000000,Seed|Series A|Series B,AI/ML|B2B SaaS|Fintech|Healthcare,"Mumbai, Maharashtra, India",250000,5000000,https://www.sugarcosmetics.com/,Investor_list.xlsx:Sheet1
a0000002-0106-0000-0000-000000000001,Toppr,Venture Capital,250000000,Seed|Series A|Series B,AI/ML|B2B SaaS|Fintech|Healthcare,"Bengaluru, Karnataka, India",250000,5000000,https://toppr.com,Investor_list.xlsx:Sheet1
a0000002-0107-0000-0000-000000000001,Warburg Pincus,Venture Capital,250000000,Seed|Series A|Series B,AI/ML|B2B SaaS|Fintech|Healthcare,US|Global,250000,5000000,,Investor_list.xlsx:Sheet2
a0000002-0108-0000-0000-000000000001,IAN Group,Venture Capital,250000000,Seed|Series A|Series B,AI/ML|B2B SaaS|Fintech|Healthcare,US|Global,250000,5000000,,Investor_list.xlsx:Sheet2
a0000002-0109-0000-0000-000000000001,Equanimity Investments,Venture Capital,250000000,Seed|Series A|Series B,AI/ML|B2B SaaS|Fintech|Healthcare,US|Global,250000,5000000,https://www.equanimityinvestments.com/connect,Investor_list.xlsx:Sheet2
a0000002-0110-0000-0000-000000000001,Agility Ventures,Venture Capital,250000000,Seed|Series A|Series B,AI/ML|B2B SaaS|Fintech|Healthcare,US|Global,250000,5000000,https://agilityventures.in/,Investor_list.xlsx:Sheet2
a0000002-0111-0000-0000-000000000001,Alteria Capital,Venture Capital,250000000,Seed|Series A|Series B,AI/ML|B2B SaaS|Fintech|Healthcare,US|Global,250000,5000000,https://alteriacapital.com/contact/,Investor_list.xlsx:Sheet2
a0000002-0112-0000-0000-000000000001,Axilor Ventures,Venture Capital,250000000,Seed|Series A|Series B,AI/ML|B2B SaaS|Fintech|Healthcare,US|Global,250000,5000000,,Investor_list.xlsx:Sheet2
a0000002-0113-0000-0000-000000000001,IvyCap Ventures,Venture Capital,250000000,Seed|Series A|Series B,AI/ML|B2B SaaS|Fintech|Healthcare,US|Global,250000,5000000,https://ivycapventures.com/,Investor_list.xlsx:Sheet2
a0000002-0114-0000-0000-000000000001,Tracxn,Venture Capital,250000000,Seed|Series A|Series B,AI/ML|B2B SaaS|Fintech|Healthcare,US|Global,250000,5000000,https://tracxn.com/contactus,Investor_list.xlsx:Sheet2
a0000002-0115-0000-0000-000000000001,Endiya Partners,Venture Capital,250000000,Seed|Series A|Series B,AI/ML|B2B SaaS|Fintech|Healthcare,US|Global,250000,5000000,https://www.endiya.com/contact-us,Investor_list.xlsx:Sheet2
a0000002-0116-0000-0000-000000000001,Fireside Ventures,Venture Capital,250000000,Seed|Series A|Series B,AI/ML|B2B SaaS|Fintech|Healthcare,US|Global,250000,5000000,https://firesideventures.com/pages/contact-us,Investor_list.xlsx:Sheet2
a0000002-0117-0000-0000-000000000001,LetsVenture,Venture Capital,250000000,Seed|Series A|Series B,AI/ML|B2B SaaS|Fintech|Healthcare,US|Global,250000,5000000,https://www.letsventure.com/contact-us,Investor_list.xlsx:Sheet2
a0000002-0118-0000-0000-000000000001,Saama Capital,Venture Capital,250000000,Seed|Series A|Series B,AI/ML|B2B SaaS|Fintech|Healthcare,US|Global,250000,5000000,https://saama.vc/contact-us/,Investor_list.xlsx:Sheet2
a0000002-0119-0000-0000-000000000001,Omnivore,Venture Capital,250000000,Seed|Series A|Series B,AI/ML|B2B SaaS|Fintech|Healthcare,US|Global,250000,5000000,https://www.omnivore.vc/contact/,Investor_list.xlsx:Sheet2
a0000002-0120-0000-0000-000000000001,General Catalyst Partners,Venture Capital,250000000,Seed|Series A|Series B,AI/ML|B2B SaaS|Fintech|Healthcare,US|Global,250000,5000000,https://www.generalcatalyst.com/contact,Investor_list.xlsx:Sheet2
a0000002-0121-0000-0000-000000000001,Green Shoots Capital,Venture Capital,250000000,Seed|Series A|Series B,AI/ML|B2B SaaS|Fintech|Healthcare,US|Global,250000,5000000,,Investor_list.xlsx:Sheet2
a0000002-0122-0000-0000-000000000001,Canaan,Venture Capital,250000000,Seed|Series A|Series B,AI/ML|B2B SaaS|Fintech|Healthcare,US|Global,250000,5000000,https://www.canaan.com/contact,Investor_list.xlsx:Sheet2
a0000002-0123-0000-0000-000000000001,Lightbox Ventures,Venture Capital,250000000,Seed|Series A|Series B,AI/ML|B2B SaaS|Fintech|Healthcare,US|Global,250000,5000000,https://lightbox.vc/pitchus,Investor_list.xlsx:Sheet2
a0000002-0124-0000-0000-000000000001,Orios Venture Partners,Venture Capital,250000000,Seed|Series A|Series B,AI/ML|B2B SaaS|Fintech|Healthcare,US|Global,250000,5000000,https://www.oriosvp.com/contact,Investor_list.xlsx:Sheet2
a0000002-0125-0000-0000-000000000001,ITI Growth Opportunities Fund,Venture Capital,250000000,Seed|Series A|Series B,AI/ML|B2B SaaS|Fintech|Healthcare,US|Global,250000,5000000,https://itigo.in/contacts/,Investor_list.xlsx:Sheet2
a0000002-0126-0000-0000-000000000001,A91 Partners,Venture Capital,250000000,Seed|Series A|Series B,AI/ML|B2B SaaS|Fintech|Healthcare,US|Global,250000,5000000,https://a91partners.com/,Investor_list.xlsx:Sheet2
a0000002-0127-0000-0000-000000000001,ah! Ventures,Venture Capital,250000000,Seed|Series A|Series B,AI/ML|B2B SaaS|Fintech|Healthcare,US|Global,250000,5000000,https://www.ahventures.in/contact-us/,Investor_list.xlsx:Sheet2
a0000002-0128-0000-0000-000000000001,"Amicus Capital, L.P.",Venture Capital,250000000,Seed|Series A|Series B,AI/ML|B2B SaaS|Fintech|Healthcare,US|Global,250000,5000000,https://www.amicuscapital.in/contact-us/,Investor_list.xlsx:Sheet2
a0000002-0129-0000-0000-000000000001,fluid Ventures,Venture Capital,250000000,Seed|Series A|Series B,AI/ML|B2B SaaS|Fintech|Healthcare,US|Global,250000,5000000,https://www.ankurcapital.com/about-us,Investor_list.xlsx:Sheet2
a0000002-0130-0000-0000-000000000001,Artha India Venture Fund,Venture Capital,250000000,Seed|Series A|Series B,AI/ML|B2B SaaS|Fintech|Healthcare,US|Global,250000,5000000,https://artha.ventures/apply/,Investor_list.xlsx:Sheet2
a0000002-0131-0000-0000-000000000001,ASCENT CAPITAL ADVISORS INDIA PVT LTD,Venture Capital,250000000,Seed|Series A|Series B,AI/ML|B2B SaaS|Fintech|Healthcare,US|Global,250000,5000000,https://www.ascentcapital.in/contact,Investor_list.xlsx:Sheet2
a0000002-0132-0000-0000-000000000001,Elevar Equity,Venture Capital,250000000,Seed|Series A|Series B,AI/ML|B2B SaaS|Fintech|Healthcare,US|Global,250000,5000000,https://elevarequity.com/,Investor_list.xlsx:Sheet2
a0000002-0133-0000-0000-000000000001,Gaja Capital,Venture Capital,250000000,Seed|Series A|Series B,AI/ML|B2B SaaS|Fintech|Healthcare,US|Global,250000,5000000,https://www.gajacapital.com/,Investor_list.xlsx:Sheet2
a0000002-0134-0000-0000-000000000001,Growx,Venture Capital,250000000,Seed|Series A|Series B,AI/ML|B2B SaaS|Fintech|Healthcare,US|Global,250000,5000000,,Investor_list.xlsx:Sheet2
a0000002-0135-0000-0000-000000000001,Kae Capital,Venture Capital,250000000,Seed|Series A|Series B,AI/ML|B2B SaaS|Fintech|Healthcare,US|Global,250000,5000000,https://kae-capital.com/about-us/team/,Investor_list.xlsx:Sheet2
a0000002-0136-0000-0000-000000000001,Mayfield Fund,Venture Capital,250000000,Seed|Series A|Series B,AI/ML|B2B SaaS|Fintech|Healthcare,US|Global,250000,5000000,https://www.mayfield.com/contact-us/,Investor_list.xlsx:Sheet2
a0000002-0137-0000-0000-000000000001,Menterra Ventures,Venture Capital,250000000,Seed|Series A|Series B,AI/ML|B2B SaaS|Fintech|Healthcare,US|Global,250000,5000000,https://www.menterra.com/,Investor_list.xlsx:Sheet2
a0000002-0138-0000-0000-000000000001,Nirvana Ventures,Venture Capital,250000000,Seed|Series A|Series B,AI/ML|B2B SaaS|Fintech|Healthcare,US|Global,250000,5000000,https://www.nirvanaventures.in/#getInTouch,Investor_list.xlsx:Sheet2
a0000002-0139-0000-0000-000000000001,Trifecta Capital Advisors,Venture Capital,250000000,Seed|Series A|Series B,AI/ML|B2B SaaS|Fintech|Healthcare,US|Global,250000,5000000,https://trifectacapital.in/contact/,Investor_list.xlsx:Sheet2
a0000002-0140-0000-0000-000000000001,VenturEast,Venture Capital,250000000,Seed|Series A|Series B,AI/ML|B2B SaaS|Fintech|Healthcare,US|Global,250000,5000000,https://www.ventureast.net/contact-us,Investor_list.xlsx:Sheet2
a0000002-0141-0000-0000-000000000001,General Atlantic LLC,Venture Capital,250000000,Seed|Series A|Series B,AI/ML|B2B SaaS|Fintech|Healthcare,US|Global,250000,5000000,https://www.generalatlantic.com/contact/,Investor_list.xlsx:Sheet2
a0000002-0142-0000-0000-000000000001,Steadview Capital,Venture Capital,250000000,Seed|Series A|Series B,AI/ML|B2B SaaS|Fintech|Healthcare,US|Global,250000,5000000,https://www.steadview.com/,Investor_list.xlsx:Sheet2
a0000002-0143-0000-0000-000000000001,Roots Ventures,Venture Capital,250000000,Seed|Series A|Series B,AI/ML|B2B SaaS|Fintech|Healthcare,US|Global,250000,5000000,https://roots-ventures.com/contact-us/,Investor_list.xlsx:Sheet2
a0000002-0144-0000-0000-000000000001,TVS Capital Funds,Venture Capital,250000000,Seed|Series A|Series B,AI/ML|B2B SaaS|Fintech|Healthcare,US|Global,250000,5000000,https://www.tvscapital.in/contact/#address,Investor_list.xlsx:Sheet2
a0000002-0145-0000-0000-000000000001,YourNest Venture Capital,Venture Capital,250000000,Seed|Series A|Series B,AI/ML|B2B SaaS|Fintech|Healthcare,US|Global,250000,5000000,https://yournest.in/contact-us/,Investor_list.xlsx:Sheet2
a0000002-0146-0000-0000-000000000001,Augment Ventures,Venture Capital,250000000,Seed|Series A|Series B,AI/ML|B2B SaaS|Fintech|Healthcare,US|Global,250000,5000000,https://www.augmentventures.com/contact/,Investor_list.xlsx:Sheet2
a0000002-0147-0000-0000-000000000001,Indian Angel Network,Angel Syndicate,250000000,Seed|Series A|Series B,AI/ML|B2B SaaS|Fintech|Healthcare,US|Global,250000,5000000,https://iangroup.vc/contact-us/,Investor_list.xlsx:Sheet2
a0000002-0148-0000-0000-000000000001,Sistema Asia Capital India,Venture Capital,250000000,Seed|Series A|Series B,AI/ML|B2B SaaS|Fintech|Healthcare,US|Global,250000,5000000,https://sistemaasiacapital.com/#Contact,Investor_list.xlsx:Sheet2
a0000002-0149-0000-0000-000000000001,Tiger Global Management,Venture Capital,250000000,Seed|Series A|Series B,AI/ML|B2B SaaS|Fintech|Healthcare,US|Global,250000,5000000,https://www.tigerglobal.com/,Investor_list.xlsx:Sheet2
a0000002-0150-0000-0000-000000000001,Nair Ventures,Venture Capital,250000000,Seed|Series A|Series B,AI/ML|B2B SaaS|Fintech|Healthcare,US|Global,250000,5000000,https://www.nairventures.com/,Investor_list.xlsx:Sheet2
a0000002-0151-0000-0000-000000000001,Sprout Venture Partners,Venture Capital,250000000,Seed|Series A|Series B,AI/ML|B2B SaaS|Fintech|Healthcare,US|Global,250000,5000000,https://sproutvp.com/,Investor_list.xlsx:Sheet2
a0000002-0152-0000-0000-000000000001,Crowdcube,Venture Capital,250000000,Seed|Series A|Series B,AI/ML|B2B SaaS|Fintech|Healthcare,US|Global,250000,5000000,https://help.crowdcube.com/hc/en-us/requests/new,Investor_list.xlsx:Sheet2
a0000002-0153-0000-0000-000000000001,Eight Roads Ventures,Venture Capital,250000000,Seed|Series A|Series B,AI/ML|B2B SaaS|Fintech|Healthcare,US|Global,250000,5000000,,Investor_list.xlsx:Sheet2
a0000002-0154-0000-0000-000000000001,Jungle Ventures,Venture Capital,250000000,Seed|Series A|Series B,AI/ML|B2B SaaS|Fintech|Healthcare,US|Global,250000,5000000,https://www.qualcommventures.com/portfolio/,Investor_list.xlsx:Sheet2
a0000002-0155-0000-0000-000000000001,WestBridge Capital,Venture Capital,250000000,Seed|Series A|Series B,AI/ML|B2B SaaS|Fintech|Healthcare,US|Global,250000,5000000,https://westbridgecap.com/contact,Investor_list.xlsx:Sheet2
a0000002-0156-0000-0000-000000000001,venture highway,Venture Capital,250000000,Seed|Series A|Series B,AI/ML|B2B SaaS|Fintech|Healthcare,US|Global,250000,5000000,https://venturehighway.vc/pitch-to-us/,Investor_list.xlsx:Sheet2
a0000002-0157-0000-0000-000000000001,Antler India,Venture Capital,250000000,Seed|Series A|Series B,AI/ML|B2B SaaS|Fintech|Healthcare,US|Global,250000,5000000,https://www.antler.co/about,Investor_list.xlsx:Sheet2
a0000002-0158-0000-0000-000000000001,Inventus Capital Partners,Venture Capital,250000000,Seed|Series A|Series B,AI/ML|B2B SaaS|Fintech|Healthcare,US|Global,250000,5000000,https://www.inventuscap.com/contact,Investor_list.xlsx:Sheet2
a0000002-0159-0000-0000-000000000001,growX ventures,Venture Capital,250000000,Seed|Series A|Series B,AI/ML|B2B SaaS|Fintech|Healthcare,US|Global,250000,5000000,https://growx.vc/contact-us/,Investor_list.xlsx:Sheet2
a0000002-0160-0000-0000-000000000001,Z47,Venture Capital,250000000,Seed|Series A|Series B,AI/ML|B2B SaaS|Fintech|Healthcare,US|Global,250000,5000000,https://www.z47.com/contact,Investor_list.xlsx:Sheet2
a0000002-0161-0000-0000-000000000001,500 Startups,Venture Capital,250000000,Seed|Series A|Series B,AI/ML|B2B SaaS|Fintech|Healthcare,US|Global,250000,5000000,https://500.co/get-in-touch,Investor_list.xlsx:Sheet2
a0000002-0162-0000-0000-000000000001,8i Ventures,Venture Capital,250000000,Seed|Series A|Series B,AI/ML|B2B SaaS|Fintech|Healthcare,US|Global,250000,5000000,https://www.8ivc.com/,Investor_list.xlsx:Sheet2
a0000002-0163-0000-0000-000000000001,"Brand Capital, India",Venture Capital,250000000,Seed|Series A|Series B,AI/ML|B2B SaaS|Fintech|Healthcare,US|Global,250000,5000000,https://www.brandcapital.co.in/contact-us.html,Investor_list.xlsx:Sheet2
a0000002-0164-0000-0000-000000000001,Helion Advisors Pvt. Ltd.,Venture Capital,250000000,Seed|Series A|Series B,AI/ML|B2B SaaS|Fintech|Healthcare,US|Global,250000,5000000,https://www.helionvc.com/lander,Investor_list.xlsx:Sheet2
a0000002-0165-0000-0000-000000000001,Huddle Ventures,Venture Capital,250000000,Seed|Series A|Series B,AI/ML|B2B SaaS|Fintech|Healthcare,US|Global,250000,5000000,https://www.huddleventures.vc/,Investor_list.xlsx:Sheet2
a0000002-0166-0000-0000-000000000001,Norwest Venture Partners,Venture Capital,250000000,Seed|Series A|Series B,AI/ML|B2B SaaS|Fintech|Healthcare,US|Global,250000,5000000,https://www.nvp.com/india/,Investor_list.xlsx:Sheet2
a0000002-0167-0000-0000-000000000001,Qualcomm Ventures,Venture Capital,250000000,Seed|Series A|Series B,AI/ML|B2B SaaS|Fintech|Healthcare,US|Global,250000,5000000,https://www.qualcommventures.com/portfolio/,Investor_list.xlsx:Sheet2
a0000002-0168-0000-0000-000000000001,Quona Capital,Venture Capital,250000000,Seed|Series A|Series B,AI/ML|B2B SaaS|Fintech|Healthcare,US|Global,250000,5000000,https://quona.com/contact/,Investor_list.xlsx:Sheet2
a0000002-0169-0000-0000-000000000001,SAIF Partners,Venture Capital,250000000,Seed|Series A|Series B,AI/ML|B2B SaaS|Fintech|Healthcare,US|Global,250000,5000000,https://www.sbaif.com/contact-beijing.html,Investor_list.xlsx:Sheet2
a0000002-0170-0000-0000-000000000001,Sixth Sense Ventures,Venture Capital,250000000,Seed|Series A|Series B,AI/ML|B2B SaaS|Fintech|Healthcare,US|Global,250000,5000000,https://sixthsenseventures.com/contact/,Investor_list.xlsx:Sheet2
a0000002-0171-0000-0000-000000000001,WEH Ventures,Venture Capital,250000000,Seed|Series A|Series B,AI/ML|B2B SaaS|Fintech|Healthcare,US|Global,250000,5000000,https://www.wehventures.com/,Investor_list.xlsx:Sheet2
a0000002-0172-0000-0000-000000000001,Hero MotoCorp,Venture Capital,250000000,Seed|Series A|Series B,AI/ML|B2B SaaS|Fintech|Healthcare,"Bengaluru, Karnataka, India",250000,5000000,https://heromotocorp.com,Investor_list.xlsx:Sheet3
a0000002-0173-0000-0000-000000000001,Indian Venture and Alternate Capital Association (IVCA),Venture Capital,250000000,Seed|Series A|Series B,AI/ML|B2B SaaS|Fintech|Healthcare,"Delhi,India",250000,5000000,https://ivca.in,Investor_list.xlsx:Sheet3
a0000002-0174-0000-0000-000000000001,Essae Teraoka Private Limited,Venture Capital,250000000,Seed|Series A|Series B,AI/ML|B2B SaaS|Fintech|Healthcare,"Bengaluru Karnataka,India",250000,5000000,https://essae.com,Investor_list.xlsx:Sheet3
a0000002-0175-0000-0000-000000000001,IFC - International Finance Corporation,Venture Capital,250000000,Seed|Series A|Series B,AI/ML|B2B SaaS|Fintech|Healthcare,"Mumbai, Maharashtra, India",250000,5000000,https://ifc.org,Investor_list.xlsx:Sheet3
a0000002-0176-0000-0000-000000000001,Social Impact Capital,Venture Capital,250000000,Seed|Series A|Series B,AI/ML|B2B SaaS|Fintech|Healthcare,US|Global,250000,5000000,https://imperative.com,Investor_list.xlsx:Sheet3
a0000002-0177-0000-0000-000000000001,MGA Ventures,Venture Capital,250000000,Seed|Series A|Series B,AI/ML|B2B SaaS|Fintech|Healthcare,"Mumbai Maharashtra,India",250000,5000000,https://mgaventures.in,Investor_list.xlsx:Sheet3
a0000002-0178-0000-0000-000000000001,ExtraaEdge.com,Venture Capital,250000000,Seed|Series A|Series B,AI/ML|B2B SaaS|Fintech|Healthcare,"Pune, Maharashtra, India",250000,5000000,https://extraaedge.com,Investor_list.xlsx:Sheet3
a0000002-0179-0000-0000-000000000001,Trifecta Capital,Venture Capital,250000000,Seed|Series A|Series B,AI/ML|B2B SaaS|Fintech|Healthcare,"Delhi, India",250000,5000000,https://trifectacapital.in,Investor_list.xlsx:Sheet3
a0000002-0180-0000-0000-000000000001,Microsoft Windows Community,Angel Syndicate,250000000,Seed|Series A|Series B,AI/ML|B2B SaaS|Fintech|Healthcare,"Nashville,Tennessee,United States",250000,5000000,https://microsoft.com,Investor_list.xlsx:Sheet3
a0000002-0181-0000-0000-000000000001,TEENS & TWEENS | MARKETING | SALES | CONSUMER PROMOTION | LOYALTY PROGRAM | EX-PAYTM | EX-...,Venture Capital,250000000,Seed|Series A|Series B,AI/ML|B2B SaaS|Fintech|Healthcare,"New Delhi, Delhi, India",250000,5000000,https://theteenstweens.com,Investor_list.xlsx:Sheet3
a0000002-0182-0000-0000-000000000001,RevTech Labs Capital,Venture Capital,250000000,Seed|Series A|Series B,AI/ML|B2B SaaS|Fintech|Healthcare,"Charlotte, North Carolina, United States",250000,5000000,https://revtechlabs.co,Investor_list.xlsx:Sheet3
a0000002-0183-0000-0000-000000000001,Google,Venture Capital,250000000,Seed|Series A|Series B,AI/ML|B2B SaaS|Fintech|Healthcare,"Gurugram, Haryana, India",250000,5000000,https://solenis.com,Investor_list.xlsx:Sheet3
a0000002-0184-0000-0000-000000000001,Twills,Venture Capital,250000000,Seed|Series A|Series B,AI/ML|B2B SaaS|Fintech|Healthcare,"Vijayawada, Andhra Pradesh, India",250000,5000000,https://twills.in,Investor_list.xlsx:Sheet3
a0000002-0185-0000-0000-000000000001,CENZA,Venture Capital,250000000,Seed|Series A|Series B,AI/ML|B2B SaaS|Fintech|Healthcare,Greater Chennai Area,250000,5000000,https://cenzatech.com,Investor_list.xlsx:Sheet3
a0000002-0186-0000-0000-000000000001,The Venture Guys,Angel Syndicate,250000000,Seed|Series A|Series B,AI/ML|B2B SaaS|Fintech|Healthcare,"Indore ,Madhya Pradesh ,India",250000,5000000,https://theventureguys.in,Investor_list.xlsx:Sheet3
a0000002-0187-0000-0000-000000000001,Illinois Ventures,Venture Capital,250000000,Seed|Series A|Series B,AI/ML|B2B SaaS|Fintech|Healthcare,"Chicago, Illinois, United States",250000,5000000,https://illinoisventures.com,Investor_list.xlsx:Sheet3
a0000002-0188-0000-0000-000000000001,Matrix Partners India,Venture Capital,250000000,Seed|Series A|Series B,AI/ML|B2B SaaS|Fintech|Healthcare,"Mumbai, Maharashtra, India",250000,5000000,https://matrixpartners.in,Investor_list.xlsx:Sheet3
a0000002-0189-0000-0000-000000000001,CenterSquare Investment Management,Venture Capital,250000000,Seed|Series A|Series B,AI/ML|B2B SaaS|Fintech|Healthcare,"Philadelphia,Pennsylvania,United States",250000,5000000,https://centersquare.com,Investor_list.xlsx:Sheet3
a0000002-0190-0000-0000-000000000001,Bain Capital,Venture Capital,250000000,Seed|Series A|Series B,AI/ML|B2B SaaS|Fintech|Healthcare,"New York, New York, United States",250000,5000000,https://baincapital.com,Investor_list.xlsx:Sheet3
a0000002-0191-0000-0000-000000000001,VALETHI TECHNOLOGIES,Venture Capital,250000000,Seed|Series A|Series B,AI/ML|B2B SaaS|Fintech|Healthcare,"Pune, Maharashtra, India",250000,5000000,https://valethi.com,Investor_list.xlsx:Sheet3
a0000002-0192-0000-0000-000000000001,Mount Judi Ventures,Venture Capital,250000000,Seed|Series A|Series B,AI/ML|B2B SaaS|Fintech|Healthcare,"Bengaluru, Karnataka, India",250000,5000000,https://mountjudi.com,Investor_list.xlsx:Sheet3
a0000002-0193-0000-0000-000000000001,Srinivasa Transports (ST Shipping),Venture Capital,250000000,Seed|Series A|Series B,AI/ML|B2B SaaS|Fintech|Healthcare,"Visakhapatnam, Andhra Pradesh, India",250000,5000000,https://stshipping.in,Investor_list.xlsx:Sheet3
a0000002-0194-0000-0000-000000000001,THE MMS GLOBAL,Angel Syndicate,250000000,Seed|Series A|Series B,AI/ML|B2B SaaS|Fintech|Healthcare,"Bengaluru ,Karnataka ,India",250000,5000000,https://themmsglobal.com,Investor_list.xlsx:Sheet3
a0000002-0195-0000-0000-000000000001,Shardul Amarchand Mangaldas & Co,Real Estate PE / REIT,250000000,Acquisition|Value-Add|Core,Multifamily|Commercial|Industrial,"Gurgaon, Haryana, India",1000000,25000000,https://amsshardul.com,Investor_list.xlsx:Sheet3
a0000002-0196-0000-0000-000000000001,Intigo,Angel Syndicate,250000000,Seed|Series A|Series B,AI/ML|B2B SaaS|Fintech|Healthcare,"Los Angeles,California,United States",250000,5000000,https://intigo3d.com,Investor_list.xlsx:Sheet3
a0000002-0197-0000-0000-000000000001,General Atlantic,Venture Capital,250000000,Seed|Series A|Series B,AI/ML|B2B SaaS|Fintech|Healthcare,"San Francisco, California, United States",250000,5000000,https://generalatlantic.com,Investor_list.xlsx:Sheet3
a0000002-0198-0000-0000-000000000001,Rainmaking,Venture Capital,250000000,Seed|Series A|Series B,AI/ML|B2B SaaS|Fintech|Healthcare,"Cascais, Lisbon, Portugal",250000,5000000,https://rainmaking.io,Investor_list.xlsx:Sheet3
a0000002-0199-0000-0000-000000000001,IU Ventures,Angel Syndicate,250000000,Seed|Series A|Series B,AI/ML|B2B SaaS|Fintech|Healthcare,"New York,New York,United States",250000,5000000,https://cinfin.com,Investor_list.xlsx:Sheet3
a0000002-0200-0000-0000-000000000001,Healthspan Capital,Venture Capital,250000000,Seed|Series A|Series B,AI/ML|B2B SaaS|Fintech|Healthcare,"Bengaluru Karnataka,India",250000,5000000,https://healthspancapital.vc,Investor_list.xlsx:Sheet3
a0000002-0201-0000-0000-000000000001,AFFLUENTIAL,Venture Capital,250000000,Seed|Series A|Series B,AI/ML|B2B SaaS|Fintech|Healthcare,Hong Kong SAR,250000,5000000,https://affluential.com,Investor_list.xlsx:Sheet3
a0000002-0202-0000-0000-000000000001,Rex,Venture Capital,250000000,Seed|Series A|Series B,AI/ML|B2B SaaS|Fintech|Healthcare,"New York, New York, United States",250000,5000000,https://getrex.app,Investor_list.xlsx:Sheet3
a0000002-0203-0000-0000-000000000001,AngelList,Angel Syndicate,250000000,Seed|Series A|Series B,AI/ML|B2B SaaS|Fintech|Healthcare,"Louisville,Kentucky,United States",250000,5000000,https://barteld.com,Investor_list.xlsx:Sheet3
a0000002-0204-0000-0000-000000000001,TMG. (Taxmantra Global),Venture Capital,250000000,Seed|Series A|Series B,AI/ML|B2B SaaS|Fintech|Healthcare,"Bengaluru, Karnataka, India",250000,5000000,https://taxmantra.com,Investor_list.xlsx:Sheet3
a0000002-0205-0000-0000-000000000001,Partners500,Venture Capital,250000000,Seed|Series A|Series B,AI/ML|B2B SaaS|Fintech|Healthcare,Israel,250000,5000000,https://partners500.com,Investor_list.xlsx:Sheet3
a0000002-0206-0000-0000-000000000001,LOral,Angel Syndicate,250000000,Seed|Series A|Series B,AI/ML|B2B SaaS|Fintech|Healthcare,"New York,New York,United States",250000,5000000,https://pevcre.com,Investor_list.xlsx:Sheet3
a0000002-0207-0000-0000-000000000001,Private company,Angel Syndicate,250000000,Seed|Series A|Series B,AI/ML|B2B SaaS|Fintech|Healthcare,"Wayzata,Minnesota,United States",250000,5000000,https://lifesenseproducts.com,Investor_list.xlsx:Sheet3
a0000002-0208-0000-0000-000000000001,TRANSPORTGANJ.COM,Venture Capital,250000000,Seed|Series A|Series B,AI/ML|B2B SaaS|Fintech|Healthcare,"Gandhidham, Gujarat, India",250000,5000000,https://transportganj.com,Investor_list.xlsx:Sheet3
a0000002-0209-0000-0000-000000000001,Venture Catalysts | India's 1st Multi-Stage VC,Real Estate PE / REIT,250000000,Acquisition|Value-Add|Core,Multifamily|Commercial|Industrial,"Lucknow, Uttar Pradesh, India",1000000,25000000,https://venturecatalysts.in,Investor_list.xlsx:Sheet3
a0000002-0210-0000-0000-000000000001,Clarity,Venture Capital,250000000,Seed|Series A|Series B,AI/ML|B2B SaaS|Fintech|Healthcare,"Tel Aviv District, Israel",250000,5000000,https://getclarity.ai,Investor_list.xlsx:Sheet3
a0000002-0211-0000-0000-000000000001,Vedanta Group,Venture Capital,250000000,Seed|Series A|Series B,AI/ML|B2B SaaS|Fintech|Healthcare,Bengaluru,250000,5000000,https://vedanta.co.in,Investor_list.xlsx:Sheet3
a0000002-0212-0000-0000-000000000001,The Estee Lauders Companies Inc.,Angel Syndicate,250000000,Seed|Series A|Series B,AI/ML|B2B SaaS|Fintech|Healthcare,"New York,New York,United States",250000,5000000,https://elcompanies.com,Investor_list.xlsx:Sheet3
a0000002-0213-0000-0000-000000000001,Tidal River Womens Investor Group,Angel Syndicate,250000000,Seed|Series A|Series B,AI/ML|B2B SaaS|Fintech|Healthcare,"New York,New York,United States",250000,5000000,https://tidalriverfund.com,Investor_list.xlsx:Sheet3
a0000002-0214-0000-0000-000000000001,Microsoft 365 Developer,Angel Syndicate,250000000,Seed|Series A|Series B,AI/ML|B2B SaaS|Fintech|Healthcare,"Bellevue,Washington,United States",250000,5000000,https://angellist.com,Investor_list.xlsx:Sheet3
a0000002-0215-0000-0000-000000000001,Software Eats Money,Angel Syndicate,250000000,Seed|Series A|Series B,AI/ML|B2B SaaS|Fintech|Healthcare,"San Francisco,California,United States",250000,5000000,https://jagoe.com,Investor_list.xlsx:Sheet3
a0000002-0216-0000-0000-000000000001,MyTrucker Pro,Angel Syndicate,250000000,Seed|Series A|Series B,AI/ML|B2B SaaS|Fintech|Healthcare,"Orinda,California,United States",250000,5000000,https://mytruckerpro.com,Investor_list.xlsx:Sheet3
a0000002-0217-0000-0000-000000000001,HashRoot Limited,Venture Capital,250000000,Seed|Series A|Series B,AI/ML|B2B SaaS|Fintech|Healthcare,"Kochi, Kerala, India",250000,5000000,https://hashroot.com,Investor_list.xlsx:Sheet3
a0000002-0218-0000-0000-000000000001,Acushnet Company / Titleist Golf,Venture Capital,250000000,Seed|Series A|Series B,AI/ML|B2B SaaS|Fintech|Healthcare,"Beverly Hills,California,United States",250000,5000000,https://titleist.com,Investor_list.xlsx:Sheet3
a0000002-0219-0000-0000-000000000001,Fabulous Homes,Venture Capital,250000000,Seed|Series A|Series B,AI/ML|B2B SaaS|Fintech|Healthcare,"Altamonte Springs,Florida,United States",250000,5000000,https://fabuloushomes.net,Investor_list.xlsx:Sheet3
a0000002-0220-0000-0000-000000000001,U.S. Bank,Venture Capital,250000000,Seed|Series A|Series B,AI/ML|B2B SaaS|Fintech|Healthcare,"Clifton,New Jersey,United States",250000,5000000,https://usbank.com,Investor_list.xlsx:Sheet3
a0000002-0221-0000-0000-000000000001,HUMAN CAPITAL,Venture Capital,250000000,Seed|Series A|Series B,AI/ML|B2B SaaS|Fintech|Healthcare,"San Francisco,California,United States",250000,5000000,https://human.capital,Investor_list.xlsx:Sheet3
a0000002-0222-0000-0000-000000000001,LANTA DIGITAL VENTURES,Venture Capital,250000000,Seed|Series A|Series B,AI/ML|B2B SaaS|Fintech|Healthcare,"Barcelona, Catalonia, Spain",250000,5000000,https://lantacapital.com,Investor_list.xlsx:Sheet3
a0000002-0223-0000-0000-000000000001,Legato Properties LLC,Real Estate PE / REIT,250000000,Acquisition|Value-Add|Core,Multifamily|Commercial|Industrial,"Fort Lauderdale,Florida,United States",1000000,25000000,https://legatoprops.com,Investor_list.xlsx:Sheet3
a0000002-0224-0000-0000-000000000001,Gutter Capital,Venture Capital,250000000,Seed|Series A|Series B,AI/ML|B2B SaaS|Fintech|Healthcare,"New york, United States",250000,5000000,https://climbcredit.com,Investor_list.xlsx:Sheet3
a0000002-0225-0000-0000-000000000001,Unicorn India Ventures,Venture Capital,250000000,Seed|Series A|Series B,AI/ML|B2B SaaS|Fintech|Healthcare,Mumbai Metropolitan Region,250000,5000000,https://unicornivc.com,Investor_list.xlsx:Sheet3
a0000002-0226-0000-0000-000000000001,BEENEXT,Venture Capital,250000000,Seed|Series A|Series B,AI/ML|B2B SaaS|Fintech|Healthcare,San Francisco Bay Area,250000,5000000,https://beenext.com,Investor_list.xlsx:Sheet3
a0000002-0227-0000-0000-000000000001,ANS COMMERCE,Venture Capital,250000000,Seed|Series A|Series B,AI/ML|B2B SaaS|Fintech|Healthcare,"Gurugram, Haryana, India",250000,5000000,https://flipkart.com,Investor_list.xlsx:Sheet3
a0000002-0228-0000-0000-000000000001,QATAR AIRWAYS,Venture Capital,250000000,Seed|Series A|Series B,AI/ML|B2B SaaS|Fintech|Healthcare,"Doha, Qatar",250000,5000000,https://qatarairways.com,Investor_list.xlsx:Sheet3
a0000002-0229-0000-0000-000000000001,Arise Ventures,Venture Capital,250000000,Seed|Series A|Series B,AI/ML|B2B SaaS|Fintech|Healthcare,San Francisco Bay Area,250000,5000000,https://strongher.vc,Investor_list.xlsx:Sheet3
a0000002-0230-0000-0000-000000000001,Intoglo,Venture Capital,250000000,Seed|Series A|Series B,AI/ML|B2B SaaS|Fintech|Healthcare,"New Delhi, Delhi, India",250000,5000000,https://intoglo.com,Investor_list.xlsx:Sheet3
a0000002-0231-0000-0000-000000000001,Blackstone,Angel Syndicate,250000000,Seed|Series A|Series B,AI/ML|B2B SaaS|Fintech|Healthcare,"Chicago,Illinois,United States",250000,5000000,https://blackstone.com,Investor_list.xlsx:Sheet3
a0000002-0232-0000-0000-000000000001,Rubicon Venture Capital,Venture Capital,250000000,Seed|Series A|Series B,AI/ML|B2B SaaS|Fintech|Healthcare,US|Global,250000,5000000,https://earlybird.com,Investor_list.xlsx:Sheet3
a0000002-0233-0000-0000-000000000001,Raiven Capital,Venture Capital,250000000,Seed|Series A|Series B,AI/ML|B2B SaaS|Fintech|Healthcare,US|Global,250000,5000000,https://raivencapital.com,Investor_list.xlsx:Sheet3
a0000002-0234-0000-0000-000000000001,Herms,Angel Syndicate,250000000,Seed|Series A|Series B,AI/ML|B2B SaaS|Fintech|Healthcare,"New York,New York,United States",250000,5000000,https://hermesemployeur.com,Investor_list.xlsx:Sheet3
a0000002-0235-0000-0000-000000000001,CXO Capital,Venture Capital,250000000,Seed|Series A|Series B,AI/ML|B2B SaaS|Fintech|Healthcare,"Dubai, United Arab Emirates",250000,5000000,https://cxo-capital.com,Investor_list.xlsx:Sheet3
a0000002-0236-0000-0000-000000000001,Ideas To Impacts,Venture Capital,250000000,Seed|Series A|Series B,AI/ML|B2B SaaS|Fintech|Healthcare,"Pune, Maharashtra, India",250000,5000000,https://ideastoimpacts.com,Investor_list.xlsx:Sheet3
a0000002-0237-0000-0000-000000000001,CloudCARDS Ltd.,Real Estate PE / REIT,250000000,Acquisition|Value-Add|Core,Multifamily|Commercial|Industrial,Ireland,1000000,25000000,https://cloudcards.ie,Investor_list.xlsx:Sheet3
a0000002-0238-0000-0000-000000000001,Valley Capital Partners,Venture Capital,250000000,Seed|Series A|Series B,AI/ML|B2B SaaS|Fintech|Healthcare,US|Global,250000,5000000,https://valleycapital.vc,Investor_list.xlsx:Sheet3
a0000002-0239-0000-0000-000000000001,Mumbai Angels,Angel Syndicate,250000000,Seed|Series A|Series B,AI/ML|B2B SaaS|Fintech|Healthcare,"Mumbai, Maharashtra, India",250000,5000000,https://mumbaiangels.com,Investor_list.xlsx:Sheet3
a0000002-0240-0000-0000-000000000001,Praan,Angel Syndicate,250000000,Seed|Series A|Series B,AI/ML|B2B SaaS|Fintech|Healthcare,"Mumbai ,Maharashtra ,India",250000,5000000,https://praan.io,Investor_list.xlsx:Sheet3
a0000002-0241-0000-0000-000000000001,Stanford Angels & Entrepreneurs,Angel Syndicate,250000000,Seed|Series A|Series B,AI/ML|B2B SaaS|Fintech|Healthcare,"Menlo Park,California,United States",250000,5000000,https://stanfordalumni.org,Investor_list.xlsx:Sheet3
a0000002-0242-0000-0000-000000000001,Bain & Company,Venture Capital,250000000,Seed|Series A|Series B,AI/ML|B2B SaaS|Fintech|Healthcare,"Washington, District of Columbia, United States",250000,5000000,https://bain.com,Investor_list.xlsx:Sheet3
a0000002-0243-0000-0000-000000000001,Shine Capital,Venture Capital,250000000,Seed|Series A|Series B,AI/ML|B2B SaaS|Fintech|Healthcare,"New York, City",250000,5000000,https://shine.vc,Investor_list.xlsx:Sheet3
a0000002-0244-0000-0000-000000000001,Stealth Mode Startup,Angel Syndicate,250000000,Seed|Series A|Series B,AI/ML|B2B SaaS|Fintech|Healthcare,"Chennai ,Tamil Nadu ,India",250000,5000000,https://nutanix.com,Investor_list.xlsx:Sheet3
a0000002-0245-0000-0000-000000000001,The Chennai Angels,Angel Syndicate,250000000,Seed|Series A|Series B,AI/ML|B2B SaaS|Fintech|Healthcare,"Chennai, Tamil Nadu, India",250000,5000000,https://thechennaiangels.com,Investor_list.xlsx:Sheet3
a0000002-0246-0000-0000-000000000001,Zivov,Venture Capital,250000000,Seed|Series A|Series B,AI/ML|B2B SaaS|Fintech|Healthcare,"New Delhi, Delhi, India",250000,5000000,https://zivov.com,Investor_list.xlsx:Sheet3
a0000002-0247-0000-0000-000000000001,Sanctor Capital,Venture Capital,250000000,Seed|Series A|Series B,AI/ML|B2B SaaS|Fintech|Healthcare,"New York,New York,United States",250000,5000000,https://sanctor.com,Investor_list.xlsx:Sheet3
a0000002-0248-0000-0000-000000000001,Illumina,Venture Capital,250000000,Seed|Series A|Series B,AI/ML|B2B SaaS|Fintech|Healthcare,"New York,New York,United States",250000,5000000,https://illumina.com,Investor_list.xlsx:Sheet3
a0000002-0249-0000-0000-000000000001,Otium Capital,Venture Capital,250000000,Seed|Series A|Series B,AI/ML|B2B SaaS|Fintech|Healthcare,US|Global,250000,5000000,https://otiumcapital.com,Investor_list.xlsx:Sheet3
a0000002-0250-0000-0000-000000000001,Warburg Pincus LLC,Venture Capital,250000000,Seed|Series A|Series B,AI/ML|B2B SaaS|Fintech|Healthcare,San Francisco Bay Area,250000,5000000,https://warburgpincus.com,Investor_list.xlsx:Sheet3
a0000002-0251-0000-0000-000000000001,REI,Real Estate PE / REIT,250000000,Acquisition|Value-Add|Core,Multifamily|Commercial|Industrial,"Des Moines,Iowa,United States",1000000,25000000,https://rei.com,Investor_list.xlsx:Sheet3
a0000002-0252-0000-0000-000000000001,TBD Angels,Angel Syndicate,250000000,Seed|Series A|Series B,AI/ML|B2B SaaS|Fintech|Healthcare,"Medford,Massachusetts,United States",250000,5000000,https://formlabs.com,Investor_list.xlsx:Sheet3
a0000002-0253-0000-0000-000000000001,SBM Bank (India),Venture Capital,250000000,Seed|Series A|Series B,AI/ML|B2B SaaS|Fintech|Healthcare,"Mumbai Maharashtra,India",250000,5000000,https://sbmbank.co.in,Investor_list.xlsx:Sheet3
a0000002-0254-0000-0000-000000000001,Independent Capital,Angel Syndicate,250000000,Seed|Series A|Series B,AI/ML|B2B SaaS|Fintech|Healthcare,"Munich, Bayern, Germany",250000,5000000,https://celonis.com,Investor_list.xlsx:Sheet3
a0000002-0255-0000-0000-000000000001,Elevate Capital Fund,Venture Capital,250000000,Seed|Series A|Series B,AI/ML|B2B SaaS|Fintech|Healthcare,"Chennai Tamil Nadu,India",250000,5000000,https://elevate.vc,Investor_list.xlsx:Sheet3
a0000002-0256-0000-0000-000000000001,SuperAngel.Fund,Angel Syndicate,250000000,Seed|Series A|Series B,AI/ML|B2B SaaS|Fintech|Healthcare,"New York,New York,United States",250000,5000000,https://superangel.vc,Investor_list.xlsx:Sheet3
a0000002-0257-0000-0000-000000000001,CS Angel,Angel Syndicate,250000000,Seed|Series A|Series B,AI/ML|B2B SaaS|Fintech|Healthcare,",,United States",250000,5000000,https://csangel.com,Investor_list.xlsx:Sheet3
a0000002-0258-0000-0000-000000000001,50K Ventures,Venture Capital,250000000,Seed|Series A|Series B,AI/ML|B2B SaaS|Fintech|Healthcare,"Chennai, Tamil Nadu, India",250000,5000000,https://50kventures.com,Investor_list.xlsx:Sheet3
a0000002-0259-0000-0000-000000000001,KiwiTech,Venture Capital,250000000,Seed|Series A|Series B,AI/ML|B2B SaaS|Fintech|Healthcare,"New Delhi Delhi,India",250000,5000000,https://kiwitech.com,Investor_list.xlsx:Sheet3
a0000002-0260-0000-0000-000000000001,Central Texas Angel Network,Angel Syndicate,250000000,Seed|Series A|Series B,AI/ML|B2B SaaS|Fintech|Healthcare,"Denver,Colorado,United States",250000,5000000,https://pinkjacket.com,Investor_list.xlsx:Sheet3
a0000002-0261-0000-0000-000000000001,Pappas Capital,Venture Capital,250000000,Seed|Series A|Series B,AI/ML|B2B SaaS|Fintech|Healthcare,"Mumbai Maharashtra,India",250000,5000000,https://pappasventures.com,Investor_list.xlsx:Sheet3
a0000002-0262-0000-0000-000000000001,Aphelion Capital,Venture Capital,250000000,Seed|Series A|Series B,AI/ML|B2B SaaS|Fintech|Healthcare,US|Global,250000,5000000,https://aphelioncap.com,Investor_list.xlsx:Sheet3
a0000002-0263-0000-0000-000000000001,Eppes Creek Ventures,Angel Syndicate,250000000,Seed|Series A|Series B,AI/ML|B2B SaaS|Fintech|Healthcare,"San Francisco,California,United States",250000,5000000,https://eppescreek.com,Investor_list.xlsx:Sheet3
a0000002-0264-0000-0000-000000000001,Patona,Venture Capital,250000000,Seed|Series A|Series B,AI/ML|B2B SaaS|Fintech|Healthcare,"Melbourne, Victoria, Australia",250000,5000000,https://patona.com.au,Investor_list.xlsx:Sheet3
a0000002-0265-0000-0000-000000000001,ID.me,Venture Capital,250000000,Seed|Series A|Series B,AI/ML|B2B SaaS|Fintech|Healthcare,"Los Angeles, California, United States",250000,5000000,https://id.me,Investor_list.xlsx:Sheet3
a0000002-0266-0000-0000-000000000001,Climate Capital,Venture Capital,250000000,Seed|Series A|Series B,AI/ML|B2B SaaS|Fintech|Healthcare,US|Global,250000,5000000,https://climatecapital.co,Investor_list.xlsx:Sheet3
a0000002-0267-0000-0000-000000000001,2am VC,Venture Capital,250000000,Seed|Series A|Series B,AI/ML|B2B SaaS|Fintech|Healthcare,"San Francisco, California, United States",250000,5000000,https://2amvc.com,Investor_list.xlsx:Sheet3
a0000002-0268-0000-0000-000000000001,Logan and Wayne,Angel Syndicate,250000000,Seed|Series A|Series B,AI/ML|B2B SaaS|Fintech|Healthcare,"San Francisco,California,United States",250000,5000000,https://loganwayne.com,Investor_list.xlsx:Sheet3
a0000002-0269-0000-0000-000000000001,San Diego Angel Conference,Angel Syndicate,250000000,Seed|Series A|Series B,AI/ML|B2B SaaS|Fintech|Healthcare,"San Diego,California,United States",250000,5000000,https://leadershipsunnyvale.org,Investor_list.xlsx:Sheet3
a0000002-0270-0000-0000-000000000001,Getaround,Angel Syndicate,250000000,Seed|Series A|Series B,AI/ML|B2B SaaS|Fintech|Healthcare,"Portola Valley,California,United States",250000,5000000,https://grepvc.com,Investor_list.xlsx:Sheet3
a0000002-0271-0000-0000-000000000001,Infoworks.io,Venture Capital,250000000,Seed|Series A|Series B,AI/ML|B2B SaaS|Fintech|Healthcare,"Palo Alto, California, United States",250000,5000000,https://infoworks.io,Investor_list.xlsx:Sheet3
a0000002-0272-0000-0000-000000000001,Brown Angel Group,Angel Syndicate,250000000,Seed|Series A|Series B,AI/ML|B2B SaaS|Fintech|Healthcare,"New York,New York,United States",250000,5000000,https://elimiwait.com,Investor_list.xlsx:Sheet3
a0000002-0273-0000-0000-000000000001,The Getty Center,Angel Syndicate,250000000,Seed|Series A|Series B,AI/ML|B2B SaaS|Fintech|Healthcare,"Los Angeles,California,United States",250000,5000000,https://getty.edu,Investor_list.xlsx:Sheet3
a0000002-0274-0000-0000-000000000001,ServiceTitan,Venture Capital,250000000,Seed|Series A|Series B,AI/ML|B2B SaaS|Fintech|Healthcare,"Los Angeles, California, United States",250000,5000000,https://servicetitan.com,Investor_list.xlsx:Sheet3
a0000002-0275-0000-0000-000000000001,Top Corner Capital,Venture Capital,250000000,Seed|Series A|Series B,AI/ML|B2B SaaS|Fintech|Healthcare,US|Global,250000,5000000,https://topcornercapital.com,Investor_list.xlsx:Sheet3
a0000002-0276-0000-0000-000000000001,Nosara Capital,Venture Capital,250000000,Seed|Series A|Series B,AI/ML|B2B SaaS|Fintech|Healthcare,US|Global,250000,5000000,https://nosaracapital.com,Investor_list.xlsx:Sheet3
a0000002-0277-0000-0000-000000000001,Single Family Office,Family Office / LP Allocator,500000000,Acquisition|Value-Add|Core,Diversified Alternatives|Fund Commitments,"San Francisco,California,United States",1000000,25000000,https://singlefamilyoffices.com,Investor_list.xlsx:Sheet3
a0000002-0278-0000-0000-000000000001,A4D,Angel Syndicate,250000000,Seed|Series A|Series B,AI/ML|B2B SaaS|Fintech|Healthcare,"Los Angeles,California,United States",250000,5000000,https://a4d.com,Investor_list.xlsx:Sheet3
a0000002-0279-0000-0000-000000000001,KKR,Venture Capital,250000000,Seed|Series A|Series B,AI/ML|B2B SaaS|Fintech|Healthcare,"Los Angeles, California, United States",250000,5000000,https://kkr.com,Investor_list.xlsx:Sheet3
a0000002-0280-0000-0000-000000000001,Columbia Capital,Venture Capital,250000000,Seed|Series A|Series B,AI/ML|B2B SaaS|Fintech|Healthcare,US|Global,250000,5000000,https://colcap.com,Investor_list.xlsx:Sheet3
a0000002-0281-0000-0000-000000000001,Whym,Angel Syndicate,250000000,Seed|Series A|Series B,AI/ML|B2B SaaS|Fintech|Healthcare,"Santa Barbara,California,United States",250000,5000000,https://bizhaus.com,Investor_list.xlsx:Sheet3
a0000002-0282-0000-0000-000000000001,The Independent,Angel Syndicate,250000000,Seed|Series A|Series B,AI/ML|B2B SaaS|Fintech|Healthcare,"Berkeley,California,United States",250000,5000000,https://cfry.net,Investor_list.xlsx:Sheet3
a0000002-0283-0000-0000-000000000001,Decent Capital,Venture Capital,250000000,Seed|Series A|Series B,AI/ML|B2B SaaS|Fintech|Healthcare,US|Global,250000,5000000,https://decentcapital.com,Investor_list.xlsx:Sheet3
a0000002-0284-0000-0000-000000000001,Ludis Capital,Venture Capital,250000000,Seed|Series A|Series B,AI/ML|B2B SaaS|Fintech|Healthcare,US|Global,250000,5000000,https://ludis.capital,Investor_list.xlsx:Sheet3
a0000002-0285-0000-0000-000000000001,Dimensional Fund Advisors,Angel Syndicate,250000000,Seed|Series A|Series B,AI/ML|B2B SaaS|Fintech|Healthcare,"Woodstock,Connecticut,United States",250000,5000000,https://dimensional.com,Investor_list.xlsx:Sheet3
a0000002-0286-0000-0000-000000000001,Start-up-Chris-Ventures GmbH,Venture Capital,250000000,Seed|Series A|Series B,AI/ML|B2B SaaS|Fintech|Healthcare,"Palo Alto, California, United States",250000,5000000,https://start-up-chris.com,Investor_list.xlsx:Sheet3
a0000002-0287-0000-0000-000000000001,Angel Oak Mortgage Solutions,Angel Syndicate,250000000,Seed|Series A|Series B,AI/ML|B2B SaaS|Fintech|Healthcare,"Atlanta,Georgia,United States",250000,5000000,https://angeloakhomeloans.com,Investor_list.xlsx:Sheet3
a0000002-0288-0000-0000-000000000001,Treeo VC,Venture Capital,250000000,Seed|Series A|Series B,AI/ML|B2B SaaS|Fintech|Healthcare,"Boca Raton, Florida, United States",250000,5000000,https://treeo.vc,Investor_list.xlsx:Sheet3
a0000002-0289-0000-0000-000000000001,Nebraska Angels,Angel Syndicate,250000000,Seed|Series A|Series B,AI/ML|B2B SaaS|Fintech|Healthcare,"Omaha,Nebraska,United States",250000,5000000,https://itnexusinc.com,Investor_list.xlsx:Sheet3
a0000002-0290-0000-0000-000000000001,ROCCEN VENTURE STUDIO,Venture Capital,250000000,Seed|Series A|Series B,AI/ML|B2B SaaS|Fintech|Healthcare,"Amsterdam, North Holland, Netherlands",250000,5000000,https://roccen.ventures,Investor_list.xlsx:Sheet3
a0000002-0291-0000-0000-000000000001,United Talent Agency,Venture Capital,250000000,Seed|Series A|Series B,AI/ML|B2B SaaS|Fintech|Healthcare,Los Angeles Metropolitan Area,250000,5000000,https://unitedtalent.com,Investor_list.xlsx:Sheet3
a0000002-0292-0000-0000-000000000001,Educated Ventures LLC,Angel Syndicate,250000000,Seed|Series A|Series B,AI/ML|B2B SaaS|Fintech|Healthcare,"Chicago,Illinois,United States",250000,5000000,https://educatedventures.com,Investor_list.xlsx:Sheet3
a0000002-0293-0000-0000-000000000001,Atlas Ventures,Venture Capital,250000000,Seed|Series A|Series B,AI/ML|B2B SaaS|Fintech|Healthcare,"Singapore, Central Region, Singapore",250000,5000000,https://atlas.ventures,Investor_list.xlsx:Sheet3
a0000002-0294-0000-0000-000000000001,Idia Capital Investissement,Venture Capital,250000000,Seed|Series A|Series B,AI/ML|B2B SaaS|Fintech|Healthcare,"Paris, Ile-de-France, France",250000,5000000,https://ca-idia.com,Investor_list.xlsx:Sheet3
a0000002-0295-0000-0000-000000000001,Atento Capital,Venture Capital,250000000,Seed|Series A|Series B,AI/ML|B2B SaaS|Fintech|Healthcare,US|Global,250000,5000000,https://tulsaremote.com,Investor_list.xlsx:Sheet3
a0000002-0296-0000-0000-000000000001,United Overseas Bank,Venture Capital,250000000,Seed|Series A|Series B,AI/ML|B2B SaaS|Fintech|Healthcare,"Singapore, Central Region, Singapore",250000,5000000,https://uobgroup.com,Investor_list.xlsx:Sheet3
a0000002-0297-0000-0000-000000000001,Social Discovery Group,Venture Capital,250000000,Seed|Series A|Series B,AI/ML|B2B SaaS|Fintech|Healthcare,"Settimo Milanese, Lombardy, Italy",250000,5000000,https://sdventures.com,Investor_list.xlsx:Sheet3
a0000002-0298-0000-0000-000000000001,Decheng Capital,Venture Capital,250000000,Seed|Series A|Series B,AI/ML|B2B SaaS|Fintech|Healthcare,US|Global,250000,5000000,https://decheng.com,Investor_list.xlsx:Sheet3
a0000002-0299-0000-0000-000000000001,Mindcurrent,Angel Syndicate,250000000,Seed|Series A|Series B,AI/ML|B2B SaaS|Fintech|Healthcare,"West Linn,Oregon,United States",250000,5000000,https://mindcurrent.io,Investor_list.xlsx:Sheet3
a0000002-0300-0000-0000-000000000001,The Council,Angel Syndicate,250000000,Seed|Series A|Series B,AI/ML|B2B SaaS|Fintech|Healthcare,"New York,New York,United States",250000,5000000,https://google.com,Investor_list.xlsx:Sheet3
a0000002-0301-0000-0000-000000000001,Erez Capital,Venture Capital,250000000,Seed|Series A|Series B,AI/ML|B2B SaaS|Fintech|Healthcare,US|Global,250000,5000000,https://erezcapital.io,Investor_list.xlsx:Sheet3
a0000002-0302-0000-0000-000000000001,AI DATA CO-OP,Venture Capital,250000000,Seed|Series A|Series B,AI/ML|B2B SaaS|Fintech|Healthcare,Denver Metropolitan Area,250000,5000000,https://gravityhaus.com,Investor_list.xlsx:Sheet3
a0000002-0303-0000-0000-000000000001,Netshield Corporation,Angel Syndicate,250000000,Seed|Series A|Series B,AI/ML|B2B SaaS|Fintech|Healthcare,"New York,New York,United States",250000,5000000,https://dascapitalgroup.com,Investor_list.xlsx:Sheet3
a0000002-0304-0000-0000-000000000001,Whitney Museum of American Art,Venture Capital,250000000,Seed|Series A|Series B,AI/ML|B2B SaaS|Fintech|Healthcare,"New York, New York, United States",250000,5000000,https://whitney.org,Investor_list.xlsx:Sheet3
a0000002-0305-0000-0000-000000000001,Morrison Seger Venture Capital Partners,Venture Capital,250000000,Seed|Series A|Series B,AI/ML|B2B SaaS|Fintech|Healthcare,US|Global,250000,5000000,https://morrisonseger.com,Investor_list.xlsx:Sheet3
a0000002-0306-0000-0000-000000000001,Dvh Ventures,Venture Capital,250000000,Seed|Series A|Series B,AI/ML|B2B SaaS|Fintech|Healthcare,"Kln, Nordrhein-Westfalen, Germany",250000,5000000,https://dvhventures.de,Investor_list.xlsx:Sheet3
a0000002-0307-0000-0000-000000000001,Shell,Venture Capital,250000000,Seed|Series A|Series B,AI/ML|B2B SaaS|Fintech|Healthcare,"Bengaluru Karnataka,India",250000,5000000,https://shell.com,Investor_list.xlsx:Sheet3
a0000002-0308-0000-0000-000000000001,ERESISOLAR EUROPEAN CONSORTIUM FOR RENEWABLE ENERGY AND SUSTAINABLE INFRASTRUCTURE,Venture Capital,250000000,Seed|Series A|Series B,AI/ML|B2B SaaS|Fintech|Healthcare,"Amsterdam, North Holland, Netherlands",250000,5000000,https://eresisolar.com,Investor_list.xlsx:Sheet3
a0000002-0309-0000-0000-000000000001,GFG Alliance,Venture Capital,250000000,Seed|Series A|Series B,AI/ML|B2B SaaS|Fintech|Healthcare,"Dubai, United Arab Emirates",250000,5000000,https://gfgalliance.com,Investor_list.xlsx:Sheet3
a0000002-0310-0000-0000-000000000001,SMEStreet,Angel Syndicate,250000000,Seed|Series A|Series B,AI/ML|B2B SaaS|Fintech|Healthcare,"Gurgaon ,Haryana ,India",250000,5000000,https://jindagilive.in,Investor_list.xlsx:Sheet3
a0000002-0311-0000-0000-000000000001,Kinara Capital,Venture Capital,250000000,Seed|Series A|Series B,AI/ML|B2B SaaS|Fintech|Healthcare,"Bengaluru, Karnataka, India",250000,5000000,https://kinaracapital.com,Investor_list.xlsx:Sheet3
a0000002-0312-0000-0000-000000000001,Groove Capital,Venture Capital,250000000,Seed|Series A|Series B,AI/ML|B2B SaaS|Fintech|Healthcare,US|Global,250000,5000000,https://groovecap.com,Investor_list.xlsx:Sheet3
a0000002-0313-0000-0000-000000000001,Transform Capital,Venture Capital,250000000,Seed|Series A|Series B,AI/ML|B2B SaaS|Fintech|Healthcare,"Tucson, Arizona, United States",250000,5000000,https://tccommunity.org,Investor_list.xlsx:Sheet3
a0000002-0314-0000-0000-000000000001,INGENIOUS ADVISORS,Venture Capital,250000000,Seed|Series A|Series B,AI/ML|B2B SaaS|Fintech|Healthcare,"Mumbai, Maharashtra, India",250000,5000000,https://ingeniousadvisors.in,Investor_list.xlsx:Sheet3
a0000002-0315-0000-0000-000000000001,Consultant,Angel Syndicate,250000000,Seed|Series A|Series B,AI/ML|B2B SaaS|Fintech|Healthcare,"San Francisco,California,United States",250000,5000000,https://mckinsey.com,Investor_list.xlsx:Sheet3
a0000002-0316-0000-0000-000000000001,Translink Capital,Venture Capital,250000000,Seed|Series A|Series B,AI/ML|B2B SaaS|Fintech|Healthcare,"Menlo Park, California, United States",250000,5000000,https://translinkcapital.com,Investor_list.xlsx:Sheet3
a0000002-0317-0000-0000-000000000001,Entrepreneur First,Venture Capital,250000000,Seed|Series A|Series B,AI/ML|B2B SaaS|Fintech|Healthcare,"Bengaluru Karnataka,India",250000,5000000,https://entrepreneurfirst.org.uk,Investor_list.xlsx:Sheet3
a0000002-0318-0000-0000-000000000001,ProRank,Venture Capital,250000000,Seed|Series A|Series B,AI/ML|B2B SaaS|Fintech|Healthcare,"Saint Paul,Minnesota,United States",250000,5000000,https://prorank.ai,Investor_list.xlsx:Sheet3
a0000002-0319-0000-0000-000000000001,AMD,Angel Syndicate,250000000,Seed|Series A|Series B,AI/ML|B2B SaaS|Fintech|Healthcare,"Hyderabad ,Telangana ,India",250000,5000000,https://amd.com,Investor_list.xlsx:Sheet3
a0000002-0320-0000-0000-000000000001,JPMorgan Chase+A12 & Co.,Venture Capital,250000000,Seed|Series A|Series B,AI/ML|B2B SaaS|Fintech|Healthcare,"Gurugram Haryana,India",250000,5000000,https://jpmchase.com,Investor_list.xlsx:Sheet3
a0000002-0321-0000-0000-000000000001,Walden Venture Capital,Venture Capital,250000000,Seed|Series A|Series B,AI/ML|B2B SaaS|Fintech|Healthcare,New York City Metropolitan Area,250000,5000000,https://waldenvc.com,Investor_list.xlsx:Sheet3
a0000002-0322-0000-0000-000000000001,Janus Henderson Investors,Venture Capital,250000000,Seed|Series A|Series B,AI/ML|B2B SaaS|Fintech|Healthcare,"Denver,Colorado,United States",250000,5000000,https://janushenderson.com,Investor_list.xlsx:Sheet3
a0000002-0323-0000-0000-000000000001,Emergence Capital,Venture Capital,250000000,Seed|Series A|Series B,AI/ML|B2B SaaS|Fintech|Healthcare,US|Global,250000,5000000,https://emcap.com,Investor_list.xlsx:Sheet3
a0000002-0324-0000-0000-000000000001,Angel Investment,Angel Syndicate,250000000,Seed|Series A|Series B,AI/ML|B2B SaaS|Fintech|Healthcare,"Redondo Beach,California,United States",250000,5000000,https://angelinvestmentnetwork.co.uk,Investor_list.xlsx:Sheet3
a0000002-0325-0000-0000-000000000001,Mighty Capital,Venture Capital,250000000,Seed|Series A|Series B,AI/ML|B2B SaaS|Fintech|Healthcare,US|Global,250000,5000000,https://mighty.capital,Investor_list.xlsx:Sheet3
a0000002-0326-0000-0000-000000000001,Columbia Ventures Brazil,Angel Syndicate,250000000,Seed|Series A|Series B,AI/ML|B2B SaaS|Fintech|Healthcare,United States,250000,5000000,https://mosincorporadora.com,Investor_list.xlsx:Sheet3
a0000002-0327-0000-0000-000000000001,Almostsquare,Angel Syndicate,250000000,Seed|Series A|Series B,AI/ML|B2B SaaS|Fintech|Healthcare,"Mountain View,California,United States",250000,5000000,https://almostsquare.com,Investor_list.xlsx:Sheet3
a0000002-0328-0000-0000-000000000001,NOBORINGDESIGN (NBD),Venture Capital,250000000,Seed|Series A|Series B,AI/ML|B2B SaaS|Fintech|Healthcare,"Denver, Colorado, United States",250000,5000000,https://noboringdesign.com,Investor_list.xlsx:Sheet3
a0000002-0329-0000-0000-000000000001,Acero Capital,Venture Capital,250000000,Seed|Series A|Series B,AI/ML|B2B SaaS|Fintech|Healthcare,US|Global,250000,5000000,https://acerovc.com,Investor_list.xlsx:Sheet3
a0000002-0330-0000-0000-000000000001,SAP,Venture Capital,250000000,Seed|Series A|Series B,AI/ML|B2B SaaS|Fintech|Healthcare,France,250000,5000000,https://sap.com,Investor_list.xlsx:Sheet3
a0000002-0331-0000-0000-000000000001,Capacity Capital,Venture Capital,250000000,Seed|Series A|Series B,AI/ML|B2B SaaS|Fintech|Healthcare,US|Global,250000,5000000,https://costarters.co,Investor_list.xlsx:Sheet3
a0000002-0332-0000-0000-000000000001,Angel Investor School,Angel Syndicate,250000000,Seed|Series A|Series B,AI/ML|B2B SaaS|Fintech|Healthcare,"San Francisco,California,United States",250000,5000000,https://angelinvestorschool.com,Investor_list.xlsx:Sheet3
a0000002-0333-0000-0000-000000000001,EXPERTISECENTRUM TRANSCULTURELE THERAPIE,Venture Capital,250000000,Seed|Series A|Series B,AI/ML|B2B SaaS|Fintech|Healthcare,"Amstelveen, North Holland, Netherlands",250000,5000000,https://depalmtours.com,Investor_list.xlsx:Sheet3
a0000002-0334-0000-0000-000000000001,SOUNDPIN,Venture Capital,250000000,Seed|Series A|Series B,AI/ML|B2B SaaS|Fintech|Healthcare,Berlin Metropolitan Area,250000,5000000,https://capsule.fm,Investor_list.xlsx:Sheet3
a0000002-0335-0000-0000-000000000001,META,Venture Capital,250000000,Seed|Series A|Series B,AI/ML|B2B SaaS|Fintech|Healthcare,"San Francisco, California, United States",250000,5000000,https://meta.com,Investor_list.xlsx:Sheet3
a0000002-0336-0000-0000-000000000001,AYOBA,Venture Capital,250000000,Seed|Series A|Series B,AI/ML|B2B SaaS|Fintech|Healthcare,"City of Cape Town, Western Cape, South Africa",250000,5000000,https://simfyafrica.com,Investor_list.xlsx:Sheet3
a0000002-0337-0000-0000-000000000001,Recast Capital,Venture Capital,250000000,Seed|Series A|Series B,AI/ML|B2B SaaS|Fintech|Healthcare,US|Global,250000,5000000,https://recastcapital.com,Investor_list.xlsx:Sheet3
a0000002-0338-0000-0000-000000000001,Accenture,Venture Capital,250000000,Seed|Series A|Series B,AI/ML|B2B SaaS|Fintech|Healthcare,"San Francisco,California,United States",250000,5000000,https://accenture.com,Investor_list.xlsx:Sheet3
a0000002-0339-0000-0000-000000000001,Trillium Venture Capital,Venture Capital,250000000,Seed|Series A|Series B,AI/ML|B2B SaaS|Fintech|Healthcare,"Mumbai, Maharashtra, India",250000,5000000,https://trilliumvc.com,Investor_list.xlsx:Sheet3
a0000002-0340-0000-0000-000000000001,RENUKA EXPORTS PVT.LTD.(STAR EXPORT HOUSE),Venture Capital,250000000,Seed|Series A|Series B,AI/ML|B2B SaaS|Fintech|Healthcare,"Gurugram, Haryana, India",250000,5000000,https://renukaexports.com,Investor_list.xlsx:Sheet3
a0000002-0341-0000-0000-000000000001,Super Capital,Venture Capital,250000000,Seed|Series A|Series B,AI/ML|B2B SaaS|Fintech|Healthcare,"Chennai Tamil Nadu,India",250000,5000000,https://supercapital.vc,Investor_list.xlsx:Sheet3
a0000002-0342-0000-0000-000000000001,ResultsCX,Venture Capital,250000000,Seed|Series A|Series B,AI/ML|B2B SaaS|Fintech|Healthcare,"Bengaluru, Karnataka, India",250000,5000000,https://results-cx.com,Investor_list.xlsx:Sheet3
a0000002-0343-0000-0000-000000000001,Artha99 Venture Capital Fund,Venture Capital,250000000,Seed|Series A|Series B,AI/ML|B2B SaaS|Fintech|Healthcare,India,250000,5000000,https://artha99.vc,Investor_list.xlsx:Sheet3
a0000002-0344-0000-0000-000000000001,Avataar Venture Partners,Venture Capital,250000000,Seed|Series A|Series B,AI/ML|B2B SaaS|Fintech|Healthcare,India,250000,5000000,https://avataar.vc,Investor_list.xlsx:Sheet3
a0000002-0345-0000-0000-000000000001,11:FS,Venture Capital,250000000,Seed|Series A|Series B,AI/ML|B2B SaaS|Fintech|Healthcare,"London Area, United Kingdom",250000,5000000,https://11fs.com,Investor_list.xlsx:Sheet3
a0000002-0346-0000-0000-000000000001,Audacity Venture Capital,Venture Capital,250000000,Seed|Series A|Series B,AI/ML|B2B SaaS|Fintech|Healthcare,"Mumbai Maharashtra,India",250000,5000000,https://audacityvc.com,Investor_list.xlsx:Sheet3
a0000002-0347-0000-0000-000000000001,Berkeley Angel Network,Angel Syndicate,250000000,Seed|Series A|Series B,AI/ML|B2B SaaS|Fintech|Healthcare,"San Francisco,California,United States",250000,5000000,https://ten-mountain.com,Investor_list.xlsx:Sheet3
a0000002-0348-0000-0000-000000000001,Angel Oak,Angel Syndicate,250000000,Seed|Series A|Series B,AI/ML|B2B SaaS|Fintech|Healthcare,"Houston,Texas,United States",250000,5000000,https://angeloakinvests.com,Investor_list.xlsx:Sheet3
a0000002-0349-0000-0000-000000000001,AQuity Solutions,Venture Capital,250000000,Seed|Series A|Series B,AI/ML|B2B SaaS|Fintech|Healthcare,"New York,New York,United States",250000,5000000,https://aquitysolutions.com,Investor_list.xlsx:Sheet3
a0000002-0350-0000-0000-000000000001,Advantage Capital,Venture Capital,250000000,Seed|Series A|Series B,AI/ML|B2B SaaS|Fintech|Healthcare,Greater Boston,250000,5000000,https://advantagecap.com,Investor_list.xlsx:Sheet3
a0000002-0351-0000-0000-000000000001,Dallas Venture Capital,Venture Capital,250000000,Seed|Series A|Series B,AI/ML|B2B SaaS|Fintech|Healthcare,",India",250000,5000000,https://dallasvc.com,Investor_list.xlsx:Sheet3
a0000002-0352-0000-0000-000000000001,Bow Capital,Venture Capital,250000000,Seed|Series A|Series B,AI/ML|B2B SaaS|Fintech|Healthcare,US|Global,250000,5000000,https://bowcapital.com,Investor_list.xlsx:Sheet3
a0000002-0353-0000-0000-000000000001,MANTEIA S.R.L.,Venture Capital,250000000,Seed|Series A|Series B,AI/ML|B2B SaaS|Fintech|Healthcare,"New York, New York, United States",250000,5000000,https://manteia.it,Investor_list.xlsx:Sheet3
a0000002-0354-0000-0000-000000000001,ICONIQ Capital,Venture Capital,250000000,Seed|Series A|Series B,AI/ML|B2B SaaS|Fintech|Healthcare,US|Global,250000,5000000,https://iconiqcapital.com,Investor_list.xlsx:Sheet3
a0000002-0355-0000-0000-000000000001,6 Dimensions Capital,Venture Capital,250000000,Seed|Series A|Series B,AI/ML|B2B SaaS|Fintech|Healthcare,US|Global,250000,5000000,https://6dimensionscapital.com,Investor_list.xlsx:Sheet3
a0000002-0356-0000-0000-000000000001,Lead Angels,Angel Syndicate,250000000,Seed|Series A|Series B,AI/ML|B2B SaaS|Fintech|Healthcare,"Mumbai, Maharashtra, India",250000,5000000,https://leadangels.in,Investor_list.xlsx:Sheet3
a0000002-0357-0000-0000-000000000001,Dezerv,Venture Capital,250000000,Seed|Series A|Series B,AI/ML|B2B SaaS|Fintech|Healthcare,"Mumbai, Maharashtra, India",250000,5000000,https://dezerv.in,Investor_list.xlsx:Sheet3
a0000002-0358-0000-0000-000000000001,FOCUS PRISM PRIVATE LIMITED,Angel Syndicate,250000000,Seed|Series A|Series B,AI/ML|B2B SaaS|Fintech|Healthcare,"Coimbatore ,Tamil Nadu ,India",250000,5000000,https://focusprism.com,Investor_list.xlsx:Sheet3
a0000002-0359-0000-0000-000000000001,Ignis Capital,Venture Capital,250000000,Seed|Series A|Series B,AI/ML|B2B SaaS|Fintech|Healthcare,"Mumbai Maharashtra,India",250000,5000000,https://igniscapital.in,Investor_list.xlsx:Sheet3
a0000002-0360-0000-0000-000000000001,Nippon India Mutual Fund,Venture Capital,250000000,Seed|Series A|Series B,AI/ML|B2B SaaS|Fintech|Healthcare,"Mumbai Maharashtra,India",250000,5000000,https://nipponindiaim.com,Investor_list.xlsx:Sheet3
a0000002-0361-0000-0000-000000000001,HARSH & PAYAL HADA FOUNDATION,Family Office / LP Allocator,500000000,Acquisition|Value-Add|Core,Diversified Alternatives|Fund Commitments,Greater Kolkata Area,1000000,25000000,https://hpf.org.in,Investor_list.xlsx:Sheet3
a0000002-0362-0000-0000-000000000001,Triangle Angel Partners,Angel Syndicate,250000000,Seed|Series A|Series B,AI/ML|B2B SaaS|Fintech|Healthcare,"Chapel Hill,North Carolina,United States",250000,5000000,https://tfxincorporated.com,Investor_list.xlsx:Sheet3
a0000002-0363-0000-0000-000000000001,Amazon,Angel Syndicate,250000000,Seed|Series A|Series B,AI/ML|B2B SaaS|Fintech|Healthcare,"San Francisco,California,United States",250000,5000000,https://amazon.com,Investor_list.xlsx:Sheet3
a0000002-0364-0000-0000-000000000001,Boston Consulting Group (BCG),Venture Capital,250000000,Seed|Series A|Series B,AI/ML|B2B SaaS|Fintech|Healthcare,"Dallas, Texas, United States",250000,5000000,https://bcg.com,Investor_list.xlsx:Sheet3
a0000002-0365-0000-0000-000000000001,Tally Capital,Venture Capital,250000000,Seed|Series A|Series B,AI/ML|B2B SaaS|Fintech|Healthcare,"Chicago, Illinois, United States",250000,5000000,https://tallycapital.com,Investor_list.xlsx:Sheet3
a0000002-0366-0000-0000-000000000001,Gigascale Capital,Venture Capital,250000000,Seed|Series A|Series B,AI/ML|B2B SaaS|Fintech|Healthcare,New york city,250000,5000000,https://gigascale.com,Investor_list.xlsx:Sheet3
a0000002-0367-0000-0000-000000000001,Banner Group,Angel Syndicate,250000000,Seed|Series A|Series B,AI/ML|B2B SaaS|Fintech|Healthcare,"Lancaster,Pennsylvania,United States",250000,5000000,https://bannergroupllc.com,Investor_list.xlsx:Sheet3
a0000002-0368-0000-0000-000000000001,Sweater,Angel Syndicate,250000000,Seed|Series A|Series B,AI/ML|B2B SaaS|Fintech|Healthcare,"Scottsdale,Arizona,United States",250000,5000000,https://herbsiegel.com,Investor_list.xlsx:Sheet3
a0000002-0369-0000-0000-000000000001,Guardian Storage,Real Estate PE / REIT,250000000,Acquisition|Value-Add|Core,Multifamily|Commercial|Industrial,"Vancouver,Washington,United States",1000000,25000000,https://ronin8.com,Investor_list.xlsx:Sheet3
a0000002-0370-0000-0000-000000000001,Morningstar,Venture Capital,250000000,Seed|Series A|Series B,AI/ML|B2B SaaS|Fintech|Healthcare,"Mumbai Maharashtra,India",250000,5000000,https://morningstar.com,Investor_list.xlsx:Sheet3
a0000002-0371-0000-0000-000000000001,Akkodis,Venture Capital,250000000,Seed|Series A|Series B,AI/ML|B2B SaaS|Fintech|Healthcare,"Stuttgart, Baden-Wrttemberg, Germany",250000,5000000,https://akkodisgroup.com,Investor_list.xlsx:Sheet3
a0000002-0372-0000-0000-000000000001,Ulta Beauty,Angel Syndicate,250000000,Seed|Series A|Series B,AI/ML|B2B SaaS|Fintech|Healthcare,"New York,New York,United States",250000,5000000,https://ulta.com,Investor_list.xlsx:Sheet3
a0000002-0373-0000-0000-000000000001,CapStride,Angel Syndicate,250000000,Seed|Series A|Series B,AI/ML|B2B SaaS|Fintech|Healthcare,"Atlanta,Georgia,United States",250000,5000000,https://capstride.com,Investor_list.xlsx:Sheet3
a0000002-0374-0000-0000-000000000001,Hom-E Capital,Venture Capital,250000000,Seed|Series A|Series B,AI/ML|B2B SaaS|Fintech|Healthcare,US|Global,250000,5000000,https://wings.capital,Investor_list.xlsx:Sheet3
a0000002-0375-0000-0000-000000000001,Boost&co,Venture Capital,250000000,Seed|Series A|Series B,AI/ML|B2B SaaS|Fintech|Healthcare,"London, England, United Kingdom",250000,5000000,https://boostandco.com,Investor_list.xlsx:Sheet3
a0000002-0376-0000-0000-000000000001,Chaifetz Group,Venture Capital,250000000,Seed|Series A|Series B,AI/ML|B2B SaaS|Fintech|Healthcare,"Chicago, Illinois, United States",250000,5000000,https://chaifetzgroup.com,Investor_list.xlsx:Sheet3
a0000002-0377-0000-0000-000000000001,Digitalrain,Angel Syndicate,250000000,Seed|Series A|Series B,AI/ML|B2B SaaS|Fintech|Healthcare,"Berlin, Berlin, Germany",250000,5000000,https://digitalrain.de,Investor_list.xlsx:Sheet3
a0000002-0378-0000-0000-000000000001,European Bank Development,Real Estate PE / REIT,250000000,Acquisition|Value-Add|Core,Multifamily|Commercial|Industrial,"London, England, United Kingdom",1000000,25000000,https://ebrd.com,Investor_list.xlsx:Sheet3
a0000002-0379-0000-0000-000000000001,Engelhardt Kaupp Kiefer,Venture Capital,250000000,Seed|Series A|Series B,AI/ML|B2B SaaS|Fintech|Healthcare,"Stuttgart, Baden-Wurttemberg, Germany",250000,5000000,https://ekkub.de,Investor_list.xlsx:Sheet3
a0000002-0380-0000-0000-000000000001,Framtidens Fretag,Venture Capital,250000000,Seed|Series A|Series B,AI/ML|B2B SaaS|Fintech|Healthcare,"Gothenburg, Vastra Gotaland, Sweden",250000,5000000,https://framtidensforetag.se,Investor_list.xlsx:Sheet3
a0000002-0381-0000-0000-000000000001,Fulcrum Investing,Venture Capital,250000000,Seed|Series A|Series B,AI/ML|B2B SaaS|Fintech|Healthcare,"Chicago, Illinois, United States",250000,5000000,https://fulcruminvesting.com,Investor_list.xlsx:Sheet3
a0000002-0382-0000-0000-000000000001,Gsma Ecosystem Accelerator,Venture Capital,250000000,Seed|Series A|Series B,AI/ML|B2B SaaS|Fintech|Healthcare,"London, England, United Kingdom",250000,5000000,https://gsma.com,Investor_list.xlsx:Sheet3
a0000002-0383-0000-0000-000000000001,Hh Investments Vc,Venture Capital,250000000,Seed|Series A|Series B,AI/ML|B2B SaaS|Fintech|Healthcare,"Singapore, Central Region, Singapore",250000,5000000,https://hhinvestments.vc,Investor_list.xlsx:Sheet3
a0000002-0384-0000-0000-000000000001,Keystone Capital,Venture Capital,250000000,Seed|Series A|Series B,AI/ML|B2B SaaS|Fintech|Healthcare,"Chicago, Illinois, United States",250000,5000000,https://keystonecapital.com,Investor_list.xlsx:Sheet3
a0000002-0385-0000-0000-000000000001,Sib Innovations- Beteiligungsgesellschaft,Venture Capital,250000000,Seed|Series A|Series B,AI/ML|B2B SaaS|Fintech|Healthcare,"Dresden, Sachsen, Germany",250000,5000000,https://sib-dresden.de,Investor_list.xlsx:Sheet3
a0000002-0386-0000-0000-000000000001,Sympasis Innovation Capital,Angel Syndicate,250000000,Seed|Series A|Series B,AI/ML|B2B SaaS|Fintech|Healthcare,"Ettlingen, Baden-Wurttemberg, Germany",250000,5000000,https://sympasis.com,Investor_list.xlsx:Sheet3
a0000002-0387-0000-0000-000000000001,United Prototype,Venture Capital,250000000,Seed|Series A|Series B,AI/ML|B2B SaaS|Fintech|Healthcare,"Cologne, Nordrhein-Westfalen, Germany",250000,5000000,https://unitedprototype.com,Investor_list.xlsx:Sheet3
a0000002-0388-0000-0000-000000000001,Venture Cup,Venture Capital,250000000,Seed|Series A|Series B,AI/ML|B2B SaaS|Fintech|Healthcare,"Stockholm, Stockholms Lan, Sweden",250000,5000000,https://venturecup.se,Investor_list.xlsx:Sheet3
a0000002-0389-0000-0000-000000000001,Veritas Investment Gmbh,Venture Capital,250000000,Seed|Series A|Series B,AI/ML|B2B SaaS|Fintech|Healthcare,"Frankfurt, Hessen, Germany",250000,5000000,https://veritas-investment.de,Investor_list.xlsx:Sheet3
a0000002-0390-0000-0000-000000000001,William Blair,Venture Capital,250000000,Seed|Series A|Series B,AI/ML|B2B SaaS|Fintech|Healthcare,"Chicago, Illinois, United States",250000,5000000,https://williamblair.com,Investor_list.xlsx:Sheet3
a0000002-0391-0000-0000-000000000001,Wp Global Partners,Venture Capital,250000000,Seed|Series A|Series B,AI/ML|B2B SaaS|Fintech|Healthcare,"Chicago, Illinois, United States",250000,5000000,https://wpglobalpartners.com,Investor_list.xlsx:Sheet3
a0000002-0392-0000-0000-000000000001,Guggenheim Partners,Venture Capital,250000000,Seed|Series A|Series B,AI/ML|B2B SaaS|Fintech|Healthcare,"Chicago, Illinois, United States",250000,5000000,https://guggenheimpartners.com,Investor_list.xlsx:Sheet3
a0000002-0393-0000-0000-000000000001,PLATFORM INVESTMENT,Venture Capital,250000000,Seed|Series A|Series B,AI/ML|B2B SaaS|Fintech|Healthcare,"Houston, Texas, United States",250000,5000000,https://platforminvestment.com,Investor_list.xlsx:Sheet3
a0000002-0394-0000-0000-000000000001,CLOUDSUFI,Angel Syndicate,250000000,Seed|Series A|Series B,AI/ML|B2B SaaS|Fintech|Healthcare,"Palo Alto,California,United States",250000,5000000,https://cloudsufi.com,Investor_list.xlsx:Sheet3
a0000002-0395-0000-0000-000000000001,Angel Investing,Real Estate PE / REIT,250000000,Acquisition|Value-Add|Core,Multifamily|Commercial|Industrial,"Alvin,Texas,United States",1000000,25000000,https://safereturninvesting.com,Investor_list.xlsx:Sheet3
a0000002-0396-0000-0000-000000000001,Unit,Venture Capital,250000000,Seed|Series A|Series B,AI/ML|B2B SaaS|Fintech|Healthcare,"New York, New York, United States",250000,5000000,https://unit.co,Investor_list.xlsx:Sheet3
a0000002-0397-0000-0000-000000000001,Bira 91,Angel Syndicate,250000000,Seed|Series A|Series B,AI/ML|B2B SaaS|Fintech|Healthcare,"New York,New York,United States",250000,5000000,https://siemens.com,Investor_list.xlsx:Sheet3
a0000002-0398-0000-0000-000000000001,Multiple Companies,Angel Syndicate,250000000,Seed|Series A|Series B,AI/ML|B2B SaaS|Fintech|Healthcare,"Richland,Washington,United States",250000,5000000,https://serraconsult.com,Investor_list.xlsx:Sheet3
a0000002-0399-0000-0000-000000000001,The Carlyle Group,Angel Syndicate,250000000,Seed|Series A|Series B,AI/ML|B2B SaaS|Fintech|Healthcare,"Manito,Illinois,United States",250000,5000000,https://carlyle.com,Investor_list.xlsx:Sheet3
a0000002-0400-0000-0000-000000000001,DRADS Capital,Venture Capital,250000000,Seed|Series A|Series B,AI/ML|B2B SaaS|Fintech|Healthcare,US|Global,250000,5000000,https://dradscapital.com,Investor_list.xlsx:Sheet3
a0000002-0401-0000-0000-000000000001,PostHog,Venture Capital,250000000,Seed|Series A|Series B,AI/ML|B2B SaaS|Fintech|Healthcare,"San Francisco, California, United States",250000,5000000,https://posthog.com,Investor_list.xlsx:Sheet3
a0000002-0402-0000-0000-000000000001,Pantera,Angel Syndicate,250000000,Seed|Series A|Series B,AI/ML|B2B SaaS|Fintech|Healthcare,"Los Angeles,California,United States",250000,5000000,https://google.com,Investor_list.xlsx:Sheet3
a0000002-0403-0000-0000-000000000001,TSECOND INC.,Venture Capital,250000000,Seed|Series A|Series B,AI/ML|B2B SaaS|Fintech|Healthcare,"Durham, North Carolina, United States",250000,5000000,https://tsecond.us,Investor_list.xlsx:Sheet3
a0000002-0404-0000-0000-000000000001,Ban Labs Pvt Ltd,Venture Capital,250000000,Seed|Series A|Series B,AI/ML|B2B SaaS|Fintech|Healthcare,"Rajkot, Gujarat, India",250000,5000000,https://banlab.com,Investor_list.xlsx:Sheet3
a0000002-0405-0000-0000-000000000001,Zulu,Angel Syndicate,250000000,Seed|Series A|Series B,AI/ML|B2B SaaS|Fintech|Healthcare,"Conroe,Texas,United States",250000,5000000,https://azulu.com,Investor_list.xlsx:Sheet3
a0000002-0406-0000-0000-000000000001,Spaceback,Angel Syndicate,250000000,Seed|Series A|Series B,AI/ML|B2B SaaS|Fintech|Healthcare,"New York,New York,United States",250000,5000000,https://spaceback.me,Investor_list.xlsx:Sheet3
a0000002-0407-0000-0000-000000000001,Angel School,Angel Syndicate,250000000,Seed|Series A|Series B,AI/ML|B2B SaaS|Fintech|Healthcare,"Singapore, Singapore",250000,5000000,https://angelschool.vc,Investor_list.xlsx:Sheet3
a0000002-0408-0000-0000-000000000001,Crowdcreate,Venture Capital,250000000,Seed|Series A|Series B,AI/ML|B2B SaaS|Fintech|Healthcare,United States,250000,5000000,https://crowdcreate.us,Investor_list.xlsx:Sheet3
a0000002-0409-0000-0000-000000000001,Symphonic Capital,Venture Capital,250000000,Seed|Series A|Series B,AI/ML|B2B SaaS|Fintech|Healthcare,"San Francisco, California, United States",250000,5000000,https://missiondriven.co,Investor_list.xlsx:Sheet3
a0000002-0410-0000-0000-000000000001,Womens Equity Lab,Angel Syndicate,250000000,Seed|Series A|Series B,AI/ML|B2B SaaS|Fintech|Healthcare,"San Francisco,California,United States",250000,5000000,https://womensequitylab.com,Investor_list.xlsx:Sheet3
a0000002-0411-0000-0000-000000000001,Reach Capital,Venture Capital,250000000,Seed|Series A|Series B,AI/ML|B2B SaaS|Fintech|Healthcare,"Palo Alto, California, United States",250000,5000000,https://reachcapital.com,Investor_list.xlsx:Sheet3
a0000002-0412-0000-0000-000000000001,Pave,Angel Syndicate,250000000,Seed|Series A|Series B,AI/ML|B2B SaaS|Fintech|Healthcare,"Manokotak,Alaska,United States",250000,5000000,https://gv.com,Investor_list.xlsx:Sheet3
a0000002-0413-0000-0000-000000000001,Crosslink Capital,Venture Capital,250000000,Seed|Series A|Series B,AI/ML|B2B SaaS|Fintech|Healthcare,"Hanover, New Hampshire, United States",250000,5000000,https://crosslinkcapital.com,Investor_list.xlsx:Sheet3
a0000002-0414-0000-0000-000000000001,Powerhouse Capital,Venture Capital,250000000,Seed|Series A|Series B,AI/ML|B2B SaaS|Fintech|Healthcare,US|Global,250000,5000000,https://powerhouse.vc,Investor_list.xlsx:Sheet3
a0000002-0415-0000-0000-000000000001,Empactful Capital,Venture Capital,250000000,Seed|Series A|Series B,AI/ML|B2B SaaS|Fintech|Healthcare,US|Global,250000,5000000,https://empactfulcapital.com,Investor_list.xlsx:Sheet3
a0000002-0416-0000-0000-000000000001,West Suburban Angels Inc.,Angel Syndicate,250000000,Seed|Series A|Series B,AI/ML|B2B SaaS|Fintech|Healthcare,"Chicago,Illinois,United States",250000,5000000,https://quill.com,Investor_list.xlsx:Sheet3
a0000002-0417-0000-0000-000000000001,Paladin Capital Group,Venture Capital,250000000,Seed|Series A|Series B,AI/ML|B2B SaaS|Fintech|Healthcare,"Washington, District of Columbia, United States",250000,5000000,https://paladincapgroup.com,Investor_list.xlsx:Sheet3
a0000002-0418-0000-0000-000000000001,Roblox,Angel Syndicate,250000000,Seed|Series A|Series B,AI/ML|B2B SaaS|Fintech|Healthcare,"Los Angeles,California,United States",250000,5000000,https://roblox.com,Investor_list.xlsx:Sheet3
a0000002-0419-0000-0000-000000000001,Two Bear Capital,Venture Capital,250000000,Seed|Series A|Series B,AI/ML|B2B SaaS|Fintech|Healthcare,US|Global,250000,5000000,https://twobearcapital.com,Investor_list.xlsx:Sheet3
a0000002-0420-0000-0000-000000000001,Encore Artistic Solutions Inc.,Angel Syndicate,250000000,Seed|Series A|Series B,AI/ML|B2B SaaS|Fintech|Healthcare,",California,United States",250000,5000000,https://encoreartpaint.com,Investor_list.xlsx:Sheet3
a0000002-0421-0000-0000-000000000001,Acrew Capital,Venture Capital,250000000,Seed|Series A|Series B,AI/ML|B2B SaaS|Fintech|Healthcare,"New York, New York, United States",250000,5000000,https://acrewcapital.com,Investor_list.xlsx:Sheet3
a0000002-0422-0000-0000-000000000001,Denver Angels,Real Estate PE / REIT,250000000,Acquisition|Value-Add|Core,Multifamily|Commercial|Industrial,"Denver,Colorado,United States",1000000,25000000,https://denverangels.co,Investor_list.xlsx:Sheet3
a0000002-0423-0000-0000-000000000001,Venture Capital,Venture Capital,250000000,Seed|Series A|Series B,AI/ML|B2B SaaS|Fintech|Healthcare,US|Global,250000,5000000,https://venturecapital.fm,Investor_list.xlsx:Sheet3
a0000002-0424-0000-0000-000000000001,Despierta,Venture Capital,250000000,Seed|Series A|Series B,AI/ML|B2B SaaS|Fintech|Healthcare,"Miami, Florida, United States",250000,5000000,https://despierta.vc,Investor_list.xlsx:Sheet3
a0000002-0425-0000-0000-000000000001,Covenant Venture Capital,Venture Capital,250000000,Seed|Series A|Series B,AI/ML|B2B SaaS|Fintech|Healthcare,US|Global,250000,5000000,https://covenantvc.com,Investor_list.xlsx:Sheet3
a0000002-0426-0000-0000-000000000001,Startup Warrior,Angel Syndicate,250000000,Seed|Series A|Series B,AI/ML|B2B SaaS|Fintech|Healthcare,"Austin,Texas,United States",250000,5000000,https://investor-program.com,Investor_list.xlsx:Sheet3
a0000002-0427-0000-0000-000000000001,Propllr PR and Content Marketing,Angel Syndicate,250000000,Seed|Series A|Series B,AI/ML|B2B SaaS|Fintech|Healthcare,"Naperville,Illinois,United States",250000,5000000,https://propllr.com,Investor_list.xlsx:Sheet3
a0000002-0428-0000-0000-000000000001,Inflection Point Ventures,Angel Syndicate,250000000,Seed|Series A|Series B,AI/ML|B2B SaaS|Fintech|Healthcare,"Gurgaon ,Haryana ,India",250000,5000000,https://joyconsulting.in,Investor_list.xlsx:Sheet3
a0000002-0429-0000-0000-000000000001,Rula,Venture Capital,250000000,Seed|Series A|Series B,AI/ML|B2B SaaS|Fintech|Healthcare,"Boulder, Colorado, United States",250000,5000000,https://rula.com,Investor_list.xlsx:Sheet3
a0000002-0430-0000-0000-000000000001,DeepMind,Venture Capital,250000000,Seed|Series A|Series B,AI/ML|B2B SaaS|Fintech|Healthcare,"London, England, United Kingdom",250000,5000000,https://deepmind.com,Investor_list.xlsx:Sheet3
a0000002-0431-0000-0000-000000000001,XSeed Capital,Venture Capital,250000000,Seed|Series A|Series B,AI/ML|B2B SaaS|Fintech|Healthcare,San Francisco Bay Area,250000,5000000,https://xseedcap.com,Investor_list.xlsx:Sheet3
a0000002-0432-0000-0000-000000000001,Databricks,Venture Capital,250000000,Seed|Series A|Series B,AI/ML|B2B SaaS|Fintech|Healthcare,San Francisco Bay Area,250000,5000000,https://databricks.com,Investor_list.xlsx:Sheet3
a0000002-0433-0000-0000-000000000001,Kayak Ventures,Angel Syndicate,250000000,Seed|Series A|Series B,AI/ML|B2B SaaS|Fintech|Healthcare,"San Francisco,California,United States",250000,5000000,https://kayak.ventures,Investor_list.xlsx:Sheet3
a0000002-0434-0000-0000-000000000001,Sandalphon Capital,Venture Capital,250000000,Seed|Series A|Series B,AI/ML|B2B SaaS|Fintech|Healthcare,US|Global,250000,5000000,https://sandalphoncapital.com,Investor_list.xlsx:Sheet3
a0000002-0435-0000-0000-000000000001,Increase,Venture Capital,250000000,Seed|Series A|Series B,AI/ML|B2B SaaS|Fintech|Healthcare,United States,250000,5000000,https://increase.com,Investor_list.xlsx:Sheet3
a0000002-0436-0000-0000-000000000001,Esusu,Angel Syndicate,250000000,Seed|Series A|Series B,AI/ML|B2B SaaS|Fintech|Healthcare,"New York,New York,United States",250000,5000000,https://linkedin.com,Investor_list.xlsx:Sheet3
a0000002-0437-0000-0000-000000000001,Avaana Capital,Venture Capital,250000000,Seed|Series A|Series B,AI/ML|B2B SaaS|Fintech|Healthcare,"Gurgaon Haryana,India",250000,5000000,https://avaanacapital.com,Investor_list.xlsx:Sheet3
a0000002-0438-0000-0000-000000000001,Asian Venture Capital Journal (AVCJ),Venture Capital,250000000,Seed|Series A|Series B,AI/ML|B2B SaaS|Fintech|Healthcare,"Mumbai Maharashtra,India",250000,5000000,https://acuris.com,Investor_list.xlsx:Sheet3
a0000002-0439-0000-0000-000000000001,Auxano Capital,Venture Capital,250000000,Seed|Series A|Series B,AI/ML|B2B SaaS|Fintech|Healthcare,"Delhi, India",250000,5000000,https://auxano.in,Investor_list.xlsx:Sheet3
a0000002-0440-0000-0000-000000000001,IncBuddy,Venture Capital,250000000,Seed|Series A|Series B,AI/ML|B2B SaaS|Fintech|Healthcare,"Bengaluru, Karnataka, India",250000,5000000,https://theincbuddy.com,Investor_list.xlsx:Sheet3
a0000002-0441-0000-0000-000000000001,Ventures Together,Angel Syndicate,250000000,Seed|Series A|Series B,AI/ML|B2B SaaS|Fintech|Healthcare,"San Francisco,California,United States",250000,5000000,https://500.co,Investor_list.xlsx:Sheet3
a0000002-0442-0000-0000-000000000001,Seattle Angel Conference,Angel Syndicate,250000000,Seed|Series A|Series B,AI/ML|B2B SaaS|Fintech|Healthcare,"Seattle,Washington,United States",250000,5000000,https://seattleangelconference.com,Investor_list.xlsx:Sheet3
a0000002-0443-0000-0000-000000000001,CLUTTERFREE CIRCLE,Venture Capital,250000000,Seed|Series A|Series B,AI/ML|B2B SaaS|Fintech|Healthcare,"Bangalore Urban, Karnataka, India",250000,5000000,https://clutterfreecircle.com,Investor_list.xlsx:Sheet3
a0000002-0444-0000-0000-000000000001,Chrome Capital,Venture Capital,250000000,Seed|Series A|Series B,AI/ML|B2B SaaS|Fintech|Healthcare,San Francisco Bay Area,250000,5000000,https://levadata.com,Investor_list.xlsx:Sheet3
a0000002-0445-0000-0000-000000000001,"RedHouse Associates, LLC",Angel Syndicate,250000000,Seed|Series A|Series B,AI/ML|B2B SaaS|Fintech|Healthcare,"Houston,Texas,United States",250000,5000000,https://redhouseassociates.com,Investor_list.xlsx:Sheet3
a0000002-0446-0000-0000-000000000001,Beyond Capital,Venture Capital,250000000,Seed|Series A|Series B,AI/ML|B2B SaaS|Fintech|Healthcare,US|Global,250000,5000000,https://joinbeyond.co,Investor_list.xlsx:Sheet3
a0000002-0447-0000-0000-000000000001,Various Startups,Angel Syndicate,250000000,Seed|Series A|Series B,AI/ML|B2B SaaS|Fintech|Healthcare,"Austin,Texas,United States",250000,5000000,https://paceline.fit,Investor_list.xlsx:Sheet3
a0000002-0448-0000-0000-000000000001,The Hightide Salon & Suites,Angel Syndicate,250000000,Seed|Series A|Series B,AI/ML|B2B SaaS|Fintech|Healthcare,"Durham,North Carolina,United States",250000,5000000,https://thehightidesalon.com,Investor_list.xlsx:Sheet3
a0000002-0449-0000-0000-000000000001,Boston Harbor Angels,Angel Syndicate,250000000,Seed|Series A|Series B,AI/ML|B2B SaaS|Fintech|Healthcare,"Boston,Massachusetts,United States",250000,5000000,https://kensingtontown.com,Investor_list.xlsx:Sheet3
a0000002-0450-0000-0000-000000000001,Backstage Capital,Angel Syndicate,250000000,Seed|Series A|Series B,AI/ML|B2B SaaS|Fintech|Healthcare,"Los Angeles,California,United States",250000,5000000,https://backstagecapital.com,Investor_list.xlsx:Sheet3
a0000002-0451-0000-0000-000000000001,Lightspeed,Venture Capital,250000000,Seed|Series A|Series B,AI/ML|B2B SaaS|Fintech|Healthcare,"Singapore, Singapore",250000,5000000,https://markcubancompanies.com,Investor_list.xlsx:Sheet3
a0000002-0452-0000-0000-000000000001,UTEC - The University of Tokyo Edge Capital,Venture Capital,250000000,Seed|Series A|Series B,AI/ML|B2B SaaS|Fintech|Healthcare,"Tokyo, Japan",250000,5000000,https://ut-ec.co.jp,Investor_list.xlsx:Sheet3
a0000002-0453-0000-0000-000000000001,Quantum Angels Venture Capital,Angel Syndicate,250000000,Seed|Series A|Series B,AI/ML|B2B SaaS|Fintech|Healthcare,US|Global,250000,5000000,https://quantumangels.vc,Investor_list.xlsx:Sheet3
a0000002-0454-0000-0000-000000000001,PALO ALTO NETWORKS,Venture Capital,250000000,Seed|Series A|Series B,AI/ML|B2B SaaS|Fintech|Healthcare,"San Jose, California, United States",250000,5000000,https://paloaltonetworks.com,Investor_list.xlsx:Sheet3
a0000002-0455-0000-0000-000000000001,Life Science Esslingen,Venture Capital,250000000,Seed|Series A|Series B,AI/ML|B2B SaaS|Fintech|Healthcare,"Esslingen, Baden-Wurttemberg, Germany",250000,5000000,https://esslingen.de,Investor_list.xlsx:Sheet3
a0000002-0456-0000-0000-000000000001,"Meeami Technologies, Inc.",Venture Capital,250000000,Seed|Series A|Series B,AI/ML|B2B SaaS|Fintech|Healthcare,San Francisco Bay Area,250000,5000000,https://meeamitech.com,Investor_list.xlsx:Sheet3
a0000002-0457-0000-0000-000000000001,MICROSOFT,Venture Capital,250000000,Seed|Series A|Series B,AI/ML|B2B SaaS|Fintech|Healthcare,"Los Gatos, California, United States",250000,5000000,https://microsoft.com,Investor_list.xlsx:Sheet3
a0000002-0458-0000-0000-000000000001,Reliance Capital | Reliance Group,Venture Capital,250000000,Seed|Series A|Series B,AI/ML|B2B SaaS|Fintech|Healthcare,"Thane, Maharashtra, India",250000,5000000,https://relianceada.com,Investor_list.xlsx:Sheet3
a0000002-0459-0000-0000-000000000001,Aktieinvest,Family Office / LP Allocator,500000000,Acquisition|Value-Add|Core,Diversified Alternatives|Fund Commitments,"Stockholm, Stockholms Lan, Sweden",1000000,25000000,https://aktieinvest.se,Investor_list.xlsx:Sheet3
a0000002-0460-0000-0000-000000000001,Blenheim Chalcot India,Venture Capital,250000000,Seed|Series A|Series B,AI/ML|B2B SaaS|Fintech|Healthcare,"Mumbai, Maharashtra, India",250000,5000000,https://blenheimchalcot.com,Investor_list.xlsx:Sheet3
a0000002-0461-0000-0000-000000000001,StoxHero: Learn Online Trading,Venture Capital,250000000,Seed|Series A|Series B,AI/ML|B2B SaaS|Fintech|Healthcare,"Jaipur, Rajasthan, India",250000,5000000,https://stoxhero.com,Investor_list.xlsx:Sheet3
a0000002-0462-0000-0000-000000000001,Biotech Value Advisors,Venture Capital,250000000,Seed|Series A|Series B,AI/ML|B2B SaaS|Fintech|Healthcare,"Franklin Park, New Jersey, United States",250000,5000000,https://biotechvalue.com,Investor_list.xlsx:Sheet3
a0000002-0463-0000-0000-000000000001,Clazar,Venture Capital,250000000,Seed|Series A|Series B,AI/ML|B2B SaaS|Fintech|Healthcare,"San Francisco, California, United States",250000,5000000,https://clazar.io,Investor_list.xlsx:Sheet3
a0000002-0464-0000-0000-000000000001,Braitman & Co.,Angel Syndicate,250000000,Seed|Series A|Series B,AI/ML|B2B SaaS|Fintech|Healthcare,"San Francisco,California,United States",250000,5000000,https://braitman.co,Investor_list.xlsx:Sheet3
a0000002-0465-0000-0000-000000000001,Liquid I.V.,Angel Syndicate,250000000,Seed|Series A|Series B,AI/ML|B2B SaaS|Fintech|Healthcare,"Columbus,Ohio,United States",250000,5000000,https://sonicvision1.com,Investor_list.xlsx:Sheet3
a0000002-0466-0000-0000-000000000001,NOTYD,Venture Capital,250000000,Seed|Series A|Series B,AI/ML|B2B SaaS|Fintech|Healthcare,"Amsterdam, North Holland, Netherlands",250000,5000000,https://notyd.com,Investor_list.xlsx:Sheet3
a0000002-0467-0000-0000-000000000001,MZ Technologie,Angel Syndicate,250000000,Seed|Series A|Series B,AI/ML|B2B SaaS|Fintech|Healthcare,"New York,New York,United States",250000,5000000,https://mz-technologie.com,Investor_list.xlsx:Sheet3
a0000002-0468-0000-0000-000000000001,Youbi Capital,Venture Capital,250000000,Seed|Series A|Series B,AI/ML|B2B SaaS|Fintech|Healthcare,San Francisco Bay Area,250000,5000000,https://youbicapital.com,Investor_list.xlsx:Sheet3
a0000002-0469-0000-0000-000000000001,Life Science Angels,Angel Syndicate,250000000,Seed|Series A|Series B,AI/ML|B2B SaaS|Fintech|Healthcare,United States,250000,5000000,https://lifescienceangels.com,Investor_list.xlsx:Sheet3
a0000002-0470-0000-0000-000000000001,Rockies Venture Club,Angel Syndicate,250000000,Seed|Series A|Series B,AI/ML|B2B SaaS|Fintech|Healthcare,"Golden,Colorado,United States",250000,5000000,https://rockiesventureclub.org,Investor_list.xlsx:Sheet3
a0000002-0471-0000-0000-000000000001,Adjuvant Capital,Venture Capital,250000000,Seed|Series A|Series B,AI/ML|B2B SaaS|Fintech|Healthcare,"Thane Maharashtra,India",250000,5000000,https://adjuvantcapital.com,Investor_list.xlsx:Sheet3
a0000002-0472-0000-0000-000000000001,Emerce Consulting,Venture Capital,250000000,Seed|Series A|Series B,AI/ML|B2B SaaS|Fintech|Healthcare,"Dubai, United Arab Emirates",250000,5000000,https://emerceconsulting.com,Investor_list.xlsx:Sheet3
a0000002-0473-0000-0000-000000000001,Chemical Angel Network,Angel Syndicate,250000000,Seed|Series A|Series B,AI/ML|B2B SaaS|Fintech|Healthcare,"Pittsboro,Indiana,United States",250000,5000000,https://chemicalangels.com,Investor_list.xlsx:Sheet3
a0000002-0474-0000-0000-000000000001,Alante Capital,Venture Capital,250000000,Seed|Series A|Series B,AI/ML|B2B SaaS|Fintech|Healthcare,US|Global,250000,5000000,https://alantecapital.com,Investor_list.xlsx:Sheet3
a0000002-0475-0000-0000-000000000001,MovieBot,Angel Syndicate,250000000,Seed|Series A|Series B,AI/ML|B2B SaaS|Fintech|Healthcare,"Santa Monica,California,United States",250000,5000000,https://fifthplanet.co,Investor_list.xlsx:Sheet3
a0000002-0476-0000-0000-000000000001,Brandon Capital,Venture Capital,250000000,Seed|Series A|Series B,AI/ML|B2B SaaS|Fintech|Healthcare,"Faridabad Haryana,India",250000,5000000,https://brandoncapital.com.au,Investor_list.xlsx:Sheet3
a0000002-0477-0000-0000-000000000001,"Niantic, Inc.",Angel Syndicate,250000000,Seed|Series A|Series B,AI/ML|B2B SaaS|Fintech|Healthcare,"San Francisco,California,United States",250000,5000000,https://nianticlabs.com,Investor_list.xlsx:Sheet3
a0000002-0478-0000-0000-000000000001,Sheraton Hotels & Resorts,Angel Syndicate,250000000,Seed|Series A|Series B,AI/ML|B2B SaaS|Fintech|Healthcare,"New York,New York,United States",250000,5000000,https://marriott.com,Investor_list.xlsx:Sheet3
a0000002-0479-0000-0000-000000000001,HIGH TIDE CAPITAL,Angel Syndicate,250000000,Seed|Series A|Series B,AI/ML|B2B SaaS|Fintech|Healthcare,"Oakland,California,United States",250000,5000000,https://hightidecapital.ca,Investor_list.xlsx:Sheet3
a0000002-0480-0000-0000-000000000001,Golden Seeds,Angel Syndicate,250000000,Seed|Series A|Series B,AI/ML|B2B SaaS|Fintech|Healthcare,"Upton,Massachusetts,United States",250000,5000000,https://goldenseeds.com,Investor_list.xlsx:Sheet3
a0000002-0481-0000-0000-000000000001,Lumis Partners,Venture Capital,250000000,Seed|Series A|Series B,AI/ML|B2B SaaS|Fintech|Healthcare,"South Delhi, Delhi, India",250000,5000000,https://lumispartners.com,Investor_list.xlsx:Sheet3
a0000002-0482-0000-0000-000000000001,COMMONWEALTH INCLUSIVE GROWTH SERVICES LTD,Venture Capital,250000000,Seed|Series A|Series B,AI/ML|B2B SaaS|Fintech|Healthcare,"Chennai, Tamil Nadu, India",250000,5000000,https://cigs.in,Investor_list.xlsx:Sheet3
a0000002-0483-0000-0000-000000000001,Verge - Building a better future for everyone!,Angel Syndicate,250000000,Seed|Series A|Series B,AI/ML|B2B SaaS|Fintech|Healthcare,United States,250000,5000000,https://joinverge.com,Investor_list.xlsx:Sheet3
a0000002-0484-0000-0000-000000000001,Cloudflare,Venture Capital,250000000,Seed|Series A|Series B,AI/ML|B2B SaaS|Fintech|Healthcare,San Francisco Bay Area,250000,5000000,https://cloudflare.com,Investor_list.xlsx:Sheet3
a0000002-0485-0000-0000-000000000001,Maple Capital Advisors,Venture Capital,250000000,Seed|Series A|Series B,AI/ML|B2B SaaS|Fintech|Healthcare,"Delhi, India",250000,5000000,https://maple-advisors.com,Investor_list.xlsx:Sheet3
a0000002-0486-0000-0000-000000000001,pi Ventures,Venture Capital,250000000,Seed|Series A|Series B,AI/ML|B2B SaaS|Fintech|Healthcare,"Bengaluru, Karnataka, India",250000,5000000,https://piventures.in,Investor_list.xlsx:Sheet3
a0000002-0487-0000-0000-000000000001,Cashfree Payments,Venture Capital,250000000,Seed|Series A|Series B,AI/ML|B2B SaaS|Fintech|Healthcare,"Bengaluru, Karnataka, India",250000,5000000,https://cashfree.com,Investor_list.xlsx:Sheet3
a0000002-0488-0000-0000-000000000001,BLUEHILL CAPITAL,Venture Capital,250000000,Seed|Series A|Series B,AI/ML|B2B SaaS|Fintech|Healthcare,"Chennai, Tamil Nadu, India",250000,5000000,https://zaubacorp.com,Investor_list.xlsx:Sheet3
a0000002-0489-0000-0000-000000000001,Marco Bicocchi Pichi,Venture Capital,250000000,Seed|Series A|Series B,AI/ML|B2B SaaS|Fintech|Healthcare,"Grosseto, Tuscany, Italy",250000,5000000,https://nextome.net,Investor_list.xlsx:Sheet3
a0000002-0490-0000-0000-000000000001,RA Capital Management,Venture Capital,250000000,Seed|Series A|Series B,AI/ML|B2B SaaS|Fintech|Healthcare,"Boston, Massachusetts, United States",250000,5000000,https://raventures.com,Investor_list.xlsx:Sheet3
a0000002-0491-0000-0000-000000000001,East Carolina Angels,Angel Syndicate,250000000,Seed|Series A|Series B,AI/ML|B2B SaaS|Fintech|Healthcare,"Washington,North Carolina,United States",250000,5000000,https://eastcarolinaangels.com,Investor_list.xlsx:Sheet3
a0000002-0492-0000-0000-000000000001,"Canal Capital Advisors, LLC",Angel Syndicate,250000000,Seed|Series A|Series B,AI/ML|B2B SaaS|Fintech|Healthcare,"Naples,Florida,United States",250000,5000000,https://canalcapitalmanagement.com,Investor_list.xlsx:Sheet3
a0000002-0493-0000-0000-000000000001,People Interactive,Angel Syndicate,250000000,Seed|Series A|Series B,AI/ML|B2B SaaS|Fintech|Healthcare,"Mumbai ,Maharashtra ,India",250000,5000000,https://people-group.com,Investor_list.xlsx:Sheet3
a0000002-0494-0000-0000-000000000001,E8 Angels,Angel Syndicate,250000000,Seed|Series A|Series B,AI/ML|B2B SaaS|Fintech|Healthcare,"Seattle,Washington,United States",250000,5000000,https://e8angels.com,Investor_list.xlsx:Sheet3
a0000002-0495-0000-0000-000000000001,"Self Financial, Inc.",Angel Syndicate,250000000,Seed|Series A|Series B,AI/ML|B2B SaaS|Fintech|Healthcare,"San Francisco,California,United States",250000,5000000,https://self.inc,Investor_list.xlsx:Sheet3
a0000002-0496-0000-0000-000000000001,Playbook,Venture Capital,250000000,Seed|Series A|Series B,AI/ML|B2B SaaS|Fintech|Healthcare,"Amsterdam, North Holland, Netherlands",250000,5000000,https://playbook.works,Investor_list.xlsx:Sheet3
a0000002-0497-0000-0000-000000000001,Arbeiter Brewing,Angel Syndicate,250000000,Seed|Series A|Series B,AI/ML|B2B SaaS|Fintech|Healthcare,"Minneapolis,Minnesota,United States",250000,5000000,https://localhipster.com,Investor_list.xlsx:Sheet3
a0000002-0498-0000-0000-000000000001,Mercury,Venture Capital,250000000,Seed|Series A|Series B,AI/ML|B2B SaaS|Fintech|Healthcare,"New York, New York, United States",250000,5000000,https://mercury.com,Investor_list.xlsx:Sheet3
a0000002-0499-0000-0000-000000000001,LiveRamp,Venture Capital,250000000,Seed|Series A|Series B,AI/ML|B2B SaaS|Fintech|Healthcare,"San Francisco, California, United States",250000,5000000,https://liveramp.com,Investor_list.xlsx:Sheet3
a0000002-0500-0000-0000-000000000001,1809 Capital,Venture Capital,250000000,Seed|Series A|Series B,AI/ML|B2B SaaS|Fintech|Healthcare,"Summit, New Jersey, United States",250000,5000000,https://1809capital.com,Investor_list.xlsx:Sheet3
a0000002-0501-0000-0000-000000000001,Audaz Capital,Venture Capital,250000000,Seed|Series A|Series B,AI/ML|B2B SaaS|Fintech|Healthcare,US|Global,250000,5000000,https://audaz.capital,Investor_list.xlsx:Sheet3
a0000002-0502-0000-0000-000000000001,HEALTHIANS,Venture Capital,250000000,Seed|Series A|Series B,AI/ML|B2B SaaS|Fintech|Healthcare,"Gurugram, Haryana, India",250000,5000000,https://healthians.com,Investor_list.xlsx:Sheet3
a0000002-0503-0000-0000-000000000001,Anthos Capital,Venture Capital,250000000,Seed|Series A|Series B,AI/ML|B2B SaaS|Fintech|Healthcare,"Bolingbrook, Illinois, United States",250000,5000000,https://anthoscapital.com,Investor_list.xlsx:Sheet3
a0000002-0504-0000-0000-000000000001,Graudenz Capital,Venture Capital,250000000,Seed|Series A|Series B,AI/ML|B2B SaaS|Fintech|Healthcare,"San Francisco, California, United States",250000,5000000,https://graudenzcapital.com,Investor_list.xlsx:Sheet3
a0000002-0505-0000-0000-000000000001,Navitas Capital,Venture Capital,250000000,Seed|Series A|Series B,AI/ML|B2B SaaS|Fintech|Healthcare,"New York, New York, United States",250000,5000000,https://navitascap.com,Investor_list.xlsx:Sheet3
a0000002-0506-0000-0000-000000000001,RECEEVE,Venture Capital,250000000,Seed|Series A|Series B,AI/ML|B2B SaaS|Fintech|Healthcare,Greater Hamburg Area,250000,5000000,https://receeve.com,Investor_list.xlsx:Sheet3
a0000002-0507-0000-0000-000000000001,Salveo Capital,Venture Capital,250000000,Seed|Series A|Series B,AI/ML|B2B SaaS|Fintech|Healthcare,"Chicago, Illinois, United States",250000,5000000,https://salveocapital.com,Investor_list.xlsx:Sheet3
a0000002-0508-0000-0000-000000000001,Angel Investor,Angel Syndicate,250000000,Seed|Series A|Series B,AI/ML|B2B SaaS|Fintech|Healthcare,"New York,New York,United States",250000,5000000,https://mibemusic.com,Investor_list.xlsx:Sheet3
a0000002-0509-0000-0000-000000000001,Panache Ventures,Venture Capital,250000000,Seed|Series A|Series B,AI/ML|B2B SaaS|Fintech|Healthcare,"Montreal, Quebec, Canada",250000,5000000,https://panache.vc,Investor_list.xlsx:Sheet3
a0000002-0510-0000-0000-000000000001,Vensana Capital,Venture Capital,250000000,Seed|Series A|Series B,AI/ML|B2B SaaS|Fintech|Healthcare,"Santa Rosa, California, United States",250000,5000000,https://vensanacap.com,Investor_list.xlsx:Sheet3
a0000002-0511-0000-0000-000000000001,BARKER ASSOCIATES,Venture Capital,250000000,Seed|Series A|Series B,AI/ML|B2B SaaS|Fintech|Healthcare,"Jacksonville, Florida, United States",250000,5000000,https://porch.com,Investor_list.xlsx:Sheet3
a0000002-0512-0000-0000-000000000001,Hem Securities Ltd.,Angel Syndicate,250000000,Seed|Series A|Series B,AI/ML|B2B SaaS|Fintech|Healthcare,"Mumbai, Maharashtra, India",250000,5000000,https://hemsecurities.com,Investor_list.xlsx:Sheet3
a0000002-0513-0000-0000-000000000001,Zendesk,Angel Syndicate,250000000,Seed|Series A|Series B,AI/ML|B2B SaaS|Fintech|Healthcare,"Seattle,Washington,United States",250000,5000000,https://zendesk.com,Investor_list.xlsx:Sheet3
a0000002-0514-0000-0000-000000000001,Startup,Angel Syndicate,250000000,Seed|Series A|Series B,AI/ML|B2B SaaS|Fintech|Healthcare,"Cupertino,California,United States",250000,5000000,https://zenosemi.com,Investor_list.xlsx:Sheet3
a0000002-0515-0000-0000-000000000001,Sands Capital,Venture Capital,250000000,Seed|Series A|Series B,AI/ML|B2B SaaS|Fintech|Healthcare,"Arlington, Virginia, United States",250000,5000000,https://sandscap.com,Investor_list.xlsx:Sheet3
a0000002-0516-0000-0000-000000000001,IDCA - International Data Center Authority,Venture Capital,250000000,Seed|Series A|Series B,AI/ML|B2B SaaS|Fintech|Healthcare,"New York, New York, United States",250000,5000000,https://idc-a.org,Investor_list.xlsx:Sheet3
a0000002-0517-0000-0000-000000000001,eClinicalWorks,Real Estate PE / REIT,250000000,Acquisition|Value-Add|Core,Multifamily|Commercial|Industrial,United Arab Emirates,1000000,25000000,https://eclinicalworks.com,Investor_list.xlsx:Sheet3
a0000002-0518-0000-0000-000000000001,Infinio Capital,Venture Capital,250000000,Seed|Series A|Series B,AI/ML|B2B SaaS|Fintech|Healthcare,"Orange County, California, United States",250000,5000000,https://infiniocapital.com,Investor_list.xlsx:Sheet3
a0000002-0519-0000-0000-000000000001,BT Group,Angel Syndicate,250000000,Seed|Series A|Series B,AI/ML|B2B SaaS|Fintech|Healthcare,"Saratoga,California,United States",250000,5000000,https://bt.com,Investor_list.xlsx:Sheet3
a0000002-0520-0000-0000-000000000001,Reshwaw Investments,Real Estate PE / REIT,250000000,Acquisition|Value-Add|Core,Multifamily|Commercial|Industrial,"Dallas,Texas,United States",1000000,25000000,https://wehelpweinvest.com,Investor_list.xlsx:Sheet3
a0000002-0521-0000-0000-000000000001,Optiv,Venture Capital,250000000,Seed|Series A|Series B,AI/ML|B2B SaaS|Fintech|Healthcare,"Bangalore Urban, Karnataka, India",250000,5000000,https://optiv.com,Investor_list.xlsx:Sheet3
a0000002-0522-0000-0000-000000000001,Automotus,Angel Syndicate,250000000,Seed|Series A|Series B,AI/ML|B2B SaaS|Fintech|Healthcare,"New York,New York,United States",250000,5000000,https://automotus.co,Investor_list.xlsx:Sheet3
a0000002-0523-0000-0000-000000000001,Qubit Capital,Venture Capital,250000000,Seed|Series A|Series B,AI/ML|B2B SaaS|Fintech|Healthcare,"Kolkata West Bengal,India",250000,5000000,https://qubit.capital,Investor_list.xlsx:Sheet3
a0000002-0524-0000-0000-000000000001,Takoma Wellness Center,Angel Syndicate,250000000,Seed|Series A|Series B,AI/ML|B2B SaaS|Fintech|Healthcare,"Rockville,Maryland,United States",250000,5000000,https://takomawellness.com,Investor_list.xlsx:Sheet3
a0000002-0525-0000-0000-000000000001,Universal Hydrogen,Venture Capital,250000000,Seed|Series A|Series B,AI/ML|B2B SaaS|Fintech|Healthcare,"Noida, Uttar Pradesh, India",250000,5000000,https://hydrogen.aero,Investor_list.xlsx:Sheet3
a0000002-0526-0000-0000-000000000001,ToneTag,Angel Syndicate,250000000,Seed|Series A|Series B,AI/ML|B2B SaaS|Fintech|Healthcare,"Bengaluru ,Karnataka ,India",250000,5000000,https://tonetag.com,Investor_list.xlsx:Sheet3
a0000002-0527-0000-0000-000000000001,Borex Capital,Venture Capital,250000000,Seed|Series A|Series B,AI/ML|B2B SaaS|Fintech|Healthcare,US|Global,250000,5000000,https://borexcapital.com,Investor_list.xlsx:Sheet3
a0000002-0528-0000-0000-000000000001,Glilot Capital Partners,Venture Capital,250000000,Seed|Series A|Series B,AI/ML|B2B SaaS|Fintech|Healthcare,US|Global,250000,5000000,https://glilotcapital.com,Investor_list.xlsx:Sheet3
a0000002-0529-0000-0000-000000000001,Neko Health,Venture Capital,250000000,Seed|Series A|Series B,AI/ML|B2B SaaS|Fintech|Healthcare,"Stockholm, Stockholm County, Sweden",250000,5000000,https://nekohealth.com,Investor_list.xlsx:Sheet3
a0000002-0530-0000-0000-000000000001,Shima Capital,Venture Capital,250000000,Seed|Series A|Series B,AI/ML|B2B SaaS|Fintech|Healthcare,"Brooklyn, New York, United States",250000,5000000,https://shima.capital,Investor_list.xlsx:Sheet3
a0000002-0531-0000-0000-000000000001,Capital Factory,Venture Capital,250000000,Seed|Series A|Series B,AI/ML|B2B SaaS|Fintech|Healthcare,"Austin, Texas, United States",250000,5000000,https://capitalfactory.com,Investor_list.xlsx:Sheet3
a0000002-0532-0000-0000-000000000001,Panthera Peak,Venture Capital,250000000,Seed|Series A|Series B,AI/ML|B2B SaaS|Fintech|Healthcare,",India",250000,5000000,https://panthera-peak.com,Investor_list.xlsx:Sheet3
a0000002-0533-0000-0000-000000000001,EMORPHIS HEALTH,Venture Capital,250000000,Seed|Series A|Series B,AI/ML|B2B SaaS|Fintech|Healthcare,"Seattle, Washington, United States",250000,5000000,https://emorphis.com,Investor_list.xlsx:Sheet3
a0000002-0534-0000-0000-000000000001,Algo-App Digital,Angel Syndicate,250000000,Seed|Series A|Series B,AI/ML|B2B SaaS|Fintech|Healthcare,"Bengaluru ,Karnataka ,India",250000,5000000,https://algoappdigital.com,Investor_list.xlsx:Sheet3
a0000002-0535-0000-0000-000000000001,Acuity Knowledge Partners,Venture Capital,250000000,Seed|Series A|Series B,AI/ML|B2B SaaS|Fintech|Healthcare,"Delhi,India",250000,5000000,https://acuitykp.com,Investor_list.xlsx:Sheet3
a0000002-0536-0000-0000-000000000001,Harry Winston,Real Estate PE / REIT,250000000,Acquisition|Value-Add|Core,Multifamily|Commercial|Industrial,"Dallas,Texas,United States",1000000,25000000,https://harrywinston.com,Investor_list.xlsx:Sheet3
a0000002-0537-0000-0000-000000000001,DSG Consumer Partners,Venture Capital,250000000,Seed|Series A|Series B,AI/ML|B2B SaaS|Fintech|Healthcare,"Mumbai Maharashtra,India",250000,5000000,https://dsgcp.com,Investor_list.xlsx:Sheet3
a0000002-0538-0000-0000-000000000001,IBM,Venture Capital,250000000,Seed|Series A|Series B,AI/ML|B2B SaaS|Fintech|Healthcare,"Bengaluru Karnataka,India",250000,5000000,https://ibm.com,Investor_list.xlsx:Sheet3
a0000002-0539-0000-0000-000000000001,Saf Nutrition,Real Estate PE / REIT,250000000,Acquisition|Value-Add|Core,Multifamily|Commercial|Industrial,"Charlottesville,Virginia,United States",1000000,25000000,https://safnutrition.co,Investor_list.xlsx:Sheet3
a0000002-0540-0000-0000-000000000001,Menlo Systems,Angel Syndicate,250000000,Seed|Series A|Series B,AI/ML|B2B SaaS|Fintech|Healthcare,"Cambridge,Massachusetts,United States",250000,5000000,https://menlosystems.com,Investor_list.xlsx:Sheet3
a0000002-0541-0000-0000-000000000001,LTIMindtree,Angel Syndicate,250000000,Seed|Series A|Series B,AI/ML|B2B SaaS|Fintech|Healthcare,Bengaluru,250000,5000000,https://mindtree.com,Investor_list.xlsx:Sheet3
a0000002-0542-0000-0000-000000000001,Tech Coast Angels Los Angeles,Angel Syndicate,250000000,Seed|Series A|Series B,AI/ML|B2B SaaS|Fintech|Healthcare,"Los Angeles,California,United States",250000,5000000,https://techcoastangels.la,Investor_list.xlsx:Sheet3
a0000002-0543-0000-0000-000000000001,Moonshots Capital,Venture Capital,250000000,Seed|Series A|Series B,AI/ML|B2B SaaS|Fintech|Healthcare,"Allen, Texas, United States",250000,5000000,https://moonshotscapital.com,Investor_list.xlsx:Sheet3
a0000002-0544-0000-0000-000000000001,Add Ventures Capital,Venture Capital,250000000,Seed|Series A|Series B,AI/ML|B2B SaaS|Fintech|Healthcare,"Reading, Massachusetts, United States",250000,5000000,https://addventures.vc,Investor_list.xlsx:Sheet3
a0000002-0545-0000-0000-000000000001,Tribe Capital,Venture Capital,250000000,Seed|Series A|Series B,AI/ML|B2B SaaS|Fintech|Healthcare,US|Global,250000,5000000,https://tribecap.co,Investor_list.xlsx:Sheet3
a0000002-0546-0000-0000-000000000001,Axon Partners Group,Venture Capital,250000000,Seed|Series A|Series B,AI/ML|B2B SaaS|Fintech|Healthcare,"Madrid, Community of Madrid, Spain",250000,5000000,https://axonpartnersgroup.com,Investor_list.xlsx:Sheet3
a0000002-0547-0000-0000-000000000001,Mianus Capital,Venture Capital,250000000,Seed|Series A|Series B,AI/ML|B2B SaaS|Fintech|Healthcare,New York City Metropolitan Area,250000,5000000,https://mianuscapital.com,Investor_list.xlsx:Sheet3
a0000002-0548-0000-0000-000000000001,Ananta Capital,Venture Capital,250000000,Seed|Series A|Series B,AI/ML|B2B SaaS|Fintech|Healthcare,US|Global,250000,5000000,https://anantacapital.in,Investor_list.xlsx:Sheet3
a0000002-0549-0000-0000-000000000001,Tola Capital,Venture Capital,250000000,Seed|Series A|Series B,AI/ML|B2B SaaS|Fintech|Healthcare,"Hyderabad Telangana,India",250000,5000000,https://tolacapital.com,Investor_list.xlsx:Sheet3
a0000002-0550-0000-0000-000000000001,Clickatell,Venture Capital,250000000,Seed|Series A|Series B,AI/ML|B2B SaaS|Fintech|Healthcare,"Stellenbosch, Western Cape, South Africa",250000,5000000,https://clickatell.com,Investor_list.xlsx:Sheet3
a0000002-0551-0000-0000-000000000001,Apex SuperLabs Consulting,Venture Capital,250000000,Seed|Series A|Series B,AI/ML|B2B SaaS|Fintech|Healthcare,Greater Bengaluru Area,250000,5000000,https://apexsuperlabs.com,Investor_list.xlsx:Sheet3
a0000002-0552-0000-0000-000000000001,BNI INDIA OFFICIAL,Venture Capital,250000000,Seed|Series A|Series B,AI/ML|B2B SaaS|Fintech|Healthcare,"Cuttack, Odisha, India",250000,5000000,https://bni-india.in,Investor_list.xlsx:Sheet3
a0000002-0553-0000-0000-000000000001,NAME.AI,Venture Capital,250000000,Seed|Series A|Series B,AI/ML|B2B SaaS|Fintech|Healthcare,"Hyderabad, Telangana, India",250000,5000000,https://namekart.com,Investor_list.xlsx:Sheet3
a0000002-0554-0000-0000-000000000001,Nuvama Group,Venture Capital,250000000,Seed|Series A|Series B,AI/ML|B2B SaaS|Fintech|Healthcare,"Mumbai Maharashtra,India",250000,5000000,https://edelweissfin.com,Investor_list.xlsx:Sheet3
a0000002-0555-0000-0000-000000000001,FORTUNEXUS PRIVATE LIMITED,Venture Capital,250000000,Seed|Series A|Series B,AI/ML|B2B SaaS|Fintech|Healthcare,India,250000,5000000,https://fortunexus.in,Investor_list.xlsx:Sheet3
a0000002-0556-0000-0000-000000000001,"Rakuten Accelerator, Techstars",Venture Capital,250000000,Seed|Series A|Series B,AI/ML|B2B SaaS|Fintech|Healthcare,"Singapore, Central Region, Singapore",250000,5000000,https://techstars.com,Investor_list.xlsx:Sheet3
a0000002-0557-0000-0000-000000000001,INDIFI TECHNOLOGIES PRIVATE LIMITED,Venture Capital,250000000,Seed|Series A|Series B,AI/ML|B2B SaaS|Fintech|Healthcare,"South Delhi, Delhi, India",250000,5000000,https://indifi.com,Investor_list.xlsx:Sheet3
a0000002-0558-0000-0000-000000000001,Unitus Capital,Venture Capital,250000000,Seed|Series A|Series B,AI/ML|B2B SaaS|Fintech|Healthcare,"Mumbai, Maharashtra, India",250000,5000000,https://unituscapital.com,Investor_list.xlsx:Sheet3
a0000002-0559-0000-0000-000000000001,TTV Capital,Venture Capital,250000000,Seed|Series A|Series B,AI/ML|B2B SaaS|Fintech|Healthcare,US|Global,250000,5000000,https://ttvcapital.com,Investor_list.xlsx:Sheet3
a0000002-0560-0000-0000-000000000001,Raphe mPhibr,Angel Syndicate,250000000,Seed|Series A|Series B,AI/ML|B2B SaaS|Fintech|Healthcare,"Bentonville,Arkansas,United States",250000,5000000,https://mphibr.com,Investor_list.xlsx:Sheet3
a0000002-0561-0000-0000-000000000001,Datakatalyst Ventures LLP,Venture Capital,250000000,Seed|Series A|Series B,AI/ML|B2B SaaS|Fintech|Healthcare,"Pune, Maharashtra, India",250000,5000000,https://datakatalyst.com,Investor_list.xlsx:Sheet3
a0000002-0562-0000-0000-000000000001,Anuraj Finserv,Venture Capital,250000000,Seed|Series A|Series B,AI/ML|B2B SaaS|Fintech|Healthcare,"Mumbai, Maharashtra, India",250000,5000000,https://sapientwealth.co.in,Investor_list.xlsx:Sheet3
a0000002-0563-0000-0000-000000000001,BITSAA International,Angel Syndicate,250000000,Seed|Series A|Series B,AI/ML|B2B SaaS|Fintech|Healthcare,"Hyderabad ,Telangana ,India",250000,5000000,https://bitsaa.org,Investor_list.xlsx:Sheet3
a0000002-0564-0000-0000-000000000001,Acmetek Global Solutions Inc,Venture Capital,250000000,Seed|Series A|Series B,AI/ML|B2B SaaS|Fintech|Healthcare,"Frisco, Texas, United States",250000,5000000,https://acmetek.com,Investor_list.xlsx:Sheet3
a0000002-0565-0000-0000-000000000001,WTG PVT LTD,Angel Syndicate,250000000,Seed|Series A|Series B,AI/ML|B2B SaaS|Fintech|Healthcare,"Hyderabad ,Telangana ,India",250000,5000000,https://wtgecosystem.com,Investor_list.xlsx:Sheet3
a0000002-0566-0000-0000-000000000001,"Angel Oak Capital Advisors, LLC",Angel Syndicate,250000000,Seed|Series A|Series B,AI/ML|B2B SaaS|Fintech|Healthcare,"Atlanta,Georgia,United States",250000,5000000,https://angeloakcapital.com,Investor_list.xlsx:Sheet3
a0000002-0567-0000-0000-000000000001,Zipstack,Venture Capital,250000000,Seed|Series A|Series B,AI/ML|B2B SaaS|Fintech|Healthcare,"Los Altos, California, United States",250000,5000000,https://zipstack.com,Investor_list.xlsx:Sheet3
a0000002-0568-0000-0000-000000000001,Rebalance Capital,Venture Capital,250000000,Seed|Series A|Series B,AI/ML|B2B SaaS|Fintech|Healthcare,"Delhi,India",250000,5000000,https://2ndstreetpartners.com,Investor_list.xlsx:Sheet3
a0000002-0569-0000-0000-000000000001,INCE Capital,Venture Capital,250000000,Seed|Series A|Series B,AI/ML|B2B SaaS|Fintech|Healthcare,"Hyderabad Telangana,India",250000,5000000,https://incecap.com,Investor_list.xlsx:Sheet3
a0000002-0570-0000-0000-000000000001,Acequia Capital,Venture Capital,250000000,Seed|Series A|Series B,AI/ML|B2B SaaS|Fintech|Healthcare,"Austin, Texas, United States",250000,5000000,https://syng.la,Investor_list.xlsx:Sheet3
a0000002-0571-0000-0000-000000000001,LOCAD : ADTECH FOR OOH & PDOOH,Venture Capital,250000000,Seed|Series A|Series B,AI/ML|B2B SaaS|Fintech|Healthcare,"South Delhi, Delhi, India",250000,5000000,https://locad.net,Investor_list.xlsx:Sheet3
a0000002-0572-0000-0000-000000000001,OPCO.AI,Venture Capital,250000000,Seed|Series A|Series B,AI/ML|B2B SaaS|Fintech|Healthcare,"New York, New York, United States",250000,5000000,https://opco.ai,Investor_list.xlsx:Sheet3
a0000002-0573-0000-0000-000000000001,Undocked,Angel Syndicate,250000000,Seed|Series A|Series B,AI/ML|B2B SaaS|Fintech|Healthcare,"Bengaluru ,Karnataka ,India",250000,5000000,https://undocked.net,Investor_list.xlsx:Sheet3
a0000002-0574-0000-0000-000000000001,Angel Consultants Inc,Angel Syndicate,250000000,Seed|Series A|Series B,AI/ML|B2B SaaS|Fintech|Healthcare,"Detroit,Michigan,United States",250000,5000000,https://angelci.com,Investor_list.xlsx:Sheet3
a0000002-0575-0000-0000-000000000001,ONESTEP.SOLAR,Venture Capital,250000000,Seed|Series A|Series B,AI/ML|B2B SaaS|Fintech|Healthcare,"Warsaw, Mazowieckie, Poland",250000,5000000,https://menloelectric.com,Investor_list.xlsx:Sheet3
a0000002-0576-0000-0000-000000000001,The Internet,Angel Syndicate,250000000,Seed|Series A|Series B,AI/ML|B2B SaaS|Fintech|Healthcare,"Atherton,California,United States",250000,5000000,https://internet.org,Investor_list.xlsx:Sheet3
a0000002-0577-0000-0000-000000000001,Alamo Angels,Angel Syndicate,250000000,Seed|Series A|Series B,AI/ML|B2B SaaS|Fintech|Healthcare,"San Antonio,Texas,United States",250000,5000000,https://alamoangels.com,Investor_list.xlsx:Sheet3
a0000002-0578-0000-0000-000000000001,Everyplace Labs,Angel Syndicate,250000000,Seed|Series A|Series B,AI/ML|B2B SaaS|Fintech|Healthcare,"San Diego,California,United States",250000,5000000,https://sumpmon.com,Investor_list.xlsx:Sheet3
a0000002-0579-0000-0000-000000000001,Incuvest,Angel Syndicate,250000000,Seed|Series A|Series B,AI/ML|B2B SaaS|Fintech|Healthcare,"Singapore, Central Region, Singapore",250000,5000000,https://incuvestasia.com,Investor_list.xlsx:Sheet3
a0000002-0580-0000-0000-000000000001,Next Sector Capital,Venture Capital,250000000,Seed|Series A|Series B,AI/ML|B2B SaaS|Fintech|Healthcare,"Los Angeles, California, United States",250000,5000000,https://tribalicon.com,Investor_list.xlsx:Sheet3
a0000002-0581-0000-0000-000000000001,upGrad.com,Venture Capital,250000000,Seed|Series A|Series B,AI/ML|B2B SaaS|Fintech|Healthcare,"Maharashtra, India",250000,5000000,https://upgrad.com,Investor_list.xlsx:Sheet3
a0000002-0582-0000-0000-000000000001,Spindox,Venture Capital,250000000,Seed|Series A|Series B,AI/ML|B2B SaaS|Fintech|Healthcare,"Baronissi, Campania, Italy",250000,5000000,https://spindox.it,Investor_list.xlsx:Sheet3
a0000002-0583-0000-0000-000000000001,McKinsey & Company,Venture Capital,250000000,Seed|Series A|Series B,AI/ML|B2B SaaS|Fintech|Healthcare,Greater Chicago Area,250000,5000000,https://mckinsey.com,Investor_list.xlsx:Sheet3
a0000002-0584-0000-0000-000000000001,BACKUPCTO B.V.,Venture Capital,250000000,Seed|Series A|Series B,AI/ML|B2B SaaS|Fintech|Healthcare,"The Randstad, Netherlands",250000,5000000,https://auditalacarte.com,Investor_list.xlsx:Sheet3
a0000002-0585-0000-0000-000000000001,Mozart Data,Angel Syndicate,250000000,Seed|Series A|Series B,AI/ML|B2B SaaS|Fintech|Healthcare,"Bozeman,Montana,United States",250000,5000000,https://mozartdata.com,Investor_list.xlsx:Sheet3
a0000002-0586-0000-0000-000000000001,Ryan Hood,Venture Capital,250000000,Seed|Series A|Series B,AI/ML|B2B SaaS|Fintech|Healthcare,"Mumbai Maharashtra,India",250000,5000000,https://ryanhood.com,Investor_list.xlsx:Sheet3
a0000002-0587-0000-0000-000000000001,Tamar Capital,Venture Capital,250000000,Seed|Series A|Series B,AI/ML|B2B SaaS|Fintech|Healthcare,United States,250000,5000000,https://tamar.capital,Investor_list.xlsx:Sheet3
a0000002-0588-0000-0000-000000000001,Angel One- PTNA,Angel Syndicate,250000000,Seed|Series A|Series B,AI/ML|B2B SaaS|Fintech|Healthcare,",Andhra Pradesh ,India",250000,5000000,https://angelbroking.com,Investor_list.xlsx:Sheet3
a0000002-0589-0000-0000-000000000001,New York Angels,Angel Syndicate,250000000,Seed|Series A|Series B,AI/ML|B2B SaaS|Fintech|Healthcare,"New York,New York,United States",250000,5000000,https://newyorkangels.com,Investor_list.xlsx:Sheet3
a0000002-0590-0000-0000-000000000001,Start2Scale,Venture Capital,250000000,Seed|Series A|Series B,AI/ML|B2B SaaS|Fintech|Healthcare,"Bangalore Urban, Karnataka, India",250000,5000000,https://start2scale.in,Investor_list.xlsx:Sheet3
a0000002-0591-0000-0000-000000000001,F-Prime Capital,Venture Capital,250000000,Seed|Series A|Series B,AI/ML|B2B SaaS|Fintech|Healthcare,US|Global,250000,5000000,https://fprimecapital.com,Investor_list.xlsx:Sheet3
a0000002-0592-0000-0000-000000000001,OKTA,Real Estate PE / REIT,250000000,Acquisition|Value-Add|Core,Multifamily|Commercial|Industrial,"Los Altos, California, United States",1000000,25000000,https://okta.com,Investor_list.xlsx:Sheet3
a0000002-0593-0000-0000-000000000001,Laser & Skin Surgery Center Of Northern California,Angel Syndicate,250000000,Seed|Series A|Series B,AI/ML|B2B SaaS|Fintech|Healthcare,"Sacramento,California,United States",250000,5000000,https://skinlasers.com,Investor_list.xlsx:Sheet3
a0000002-0594-0000-0000-000000000001,White Venture Capital,Venture Capital,250000000,Seed|Series A|Series B,AI/ML|B2B SaaS|Fintech|Healthcare,"Bengaluru Karnataka,India",250000,5000000,https://whiteventurecap.com,Investor_list.xlsx:Sheet3
a0000002-0595-0000-0000-000000000001,Foundation Futuristic Technologies (ForensicsGuru),Family Office / LP Allocator,500000000,Acquisition|Value-Add|Core,Diversified Alternatives|Fund Commitments,"Delhi ,India",1000000,25000000,https://forensicsguru.com,Investor_list.xlsx:Sheet3
a0000002-0596-0000-0000-000000000001,360 ONE Asset,Venture Capital,250000000,Seed|Series A|Series B,AI/ML|B2B SaaS|Fintech|Healthcare,"Mumbai Maharashtra,India",250000,5000000,https://360.one,Investor_list.xlsx:Sheet3
a0000002-0597-0000-0000-000000000001,Sandeep Banerjee,Venture Capital,250000000,Seed|Series A|Series B,AI/ML|B2B SaaS|Fintech|Healthcare,"Gurgaon, Haryana, India",250000,5000000,https://vendiman.com,Investor_list.xlsx:Sheet3
a0000002-0598-0000-0000-000000000001,Data Culpa,Angel Syndicate,250000000,Seed|Series A|Series B,AI/ML|B2B SaaS|Fintech|Healthcare,"San Francisco,California,United States",250000,5000000,https://collier-byrd.net,Investor_list.xlsx:Sheet3
a0000002-0599-0000-0000-000000000001,Sage Bionetworks,Venture Capital,250000000,Seed|Series A|Series B,AI/ML|B2B SaaS|Fintech|Healthcare,"Seattle,Washington,United States",250000,5000000,https://sagebase.org,Investor_list.xlsx:Sheet3
a0000002-0600-0000-0000-000000000001,Avocado Ventures,Angel Syndicate,250000000,Seed|Series A|Series B,AI/ML|B2B SaaS|Fintech|Healthcare,"Austin,Texas,United States",250000,5000000,https://avocadoventures.co,Investor_list.xlsx:Sheet3
a0000002-0601-0000-0000-000000000001,Capgemini India || M.Com from University of Calcutta - College Street Campus || Ex-Researc,Venture Capital,250000000,Seed|Series A|Series B,AI/ML|B2B SaaS|Fintech|Healthcare,"Kolkata, West Bengal, India",250000,5000000,https://capgemini.com,Investor_list.xlsx:Sheet3
a0000002-0602-0000-0000-000000000001,SVB Group,Venture Capital,250000000,Seed|Series A|Series B,AI/ML|B2B SaaS|Fintech|Healthcare,Greater Melbourne Area,250000,5000000,https://svbgroup.com.au,Investor_list.xlsx:Sheet3
a0000002-0603-0000-0000-000000000001,Antara Capital LP,Venture Capital,250000000,Seed|Series A|Series B,AI/ML|B2B SaaS|Fintech|Healthcare,"New York, New York, United States",250000,5000000,https://antaracapital.com,Investor_list.xlsx:Sheet3
a0000002-0604-0000-0000-000000000001,Angel Investment Network,Angel Syndicate,250000000,Seed|Series A|Series B,AI/ML|B2B SaaS|Fintech|Healthcare,United States,250000,5000000,https://angelinvestmentnetwork.co.uk,Investor_list.xlsx:Sheet3
a0000002-0605-0000-0000-000000000001,ParsBEM Consultants Private Limited,Venture Capital,250000000,Seed|Series A|Series B,AI/ML|B2B SaaS|Fintech|Healthcare,"Pune, Maharashtra, India",250000,5000000,https://parsbem.com,Investor_list.xlsx:Sheet3
a0000002-0606-0000-0000-000000000001,Algolia,Venture Capital,250000000,Seed|Series A|Series B,AI/ML|B2B SaaS|Fintech|Healthcare,Ireland,250000,5000000,https://algolia.com,Investor_list.xlsx:Sheet3
a0000002-0607-0000-0000-000000000001,"BigML, Inc",Angel Syndicate,250000000,Seed|Series A|Series B,AI/ML|B2B SaaS|Fintech|Healthcare,"San Francisco,California,United States",250000,5000000,https://bigml.com,Investor_list.xlsx:Sheet3
a0000002-0608-0000-0000-000000000001,Lobby Capital,Venture Capital,250000000,Seed|Series A|Series B,AI/ML|B2B SaaS|Fintech|Healthcare,"San Francisco, California, United States",250000,5000000,https://lobby.vc,Investor_list.xlsx:Sheet3
a0000002-0609-0000-0000-000000000001,Wheelocity,Venture Capital,250000000,Seed|Series A|Series B,AI/ML|B2B SaaS|Fintech|Healthcare,"Chennai, Tamil Nadu, India",250000,5000000,https://wheelocity.com,Investor_list.xlsx:Sheet3
a0000002-0610-0000-0000-000000000001,Untapped Capital,Venture Capital,250000000,Seed|Series A|Series B,AI/ML|B2B SaaS|Fintech|Healthcare,US|Global,250000,5000000,https://untapped.vc,Investor_list.xlsx:Sheet3
a0000002-0611-0000-0000-000000000001,Netscribes,Venture Capital,250000000,Seed|Series A|Series B,AI/ML|B2B SaaS|Fintech|Healthcare,"Kolkata West Bengal,India",250000,5000000,https://netscribes.com,Investor_list.xlsx:Sheet3
a0000002-0612-0000-0000-000000000001,Zoic Capital,Venture Capital,250000000,Seed|Series A|Series B,AI/ML|B2B SaaS|Fintech|Healthcare,"Miami Beach, Florida, United States",250000,5000000,https://zoiccapital.com,Investor_list.xlsx:Sheet3
a0000002-0613-0000-0000-000000000001,Irregular Expressions,Angel Syndicate,250000000,Seed|Series A|Series B,AI/ML|B2B SaaS|Fintech|Healthcare,"New York,New York,United States",250000,5000000,https://google.com,Investor_list.xlsx:Sheet3
a0000002-0614-0000-0000-000000000001,Zalis Ventures,Angel Syndicate,250000000,Seed|Series A|Series B,AI/ML|B2B SaaS|Fintech|Healthcare,"San Francisco,California,United States",250000,5000000,https://zalisventures.com,Investor_list.xlsx:Sheet3
a0000002-0615-0000-0000-000000000001,Next Level Catapult,Angel Syndicate,250000000,Seed|Series A|Series B,AI/ML|B2B SaaS|Fintech|Healthcare,"New York,New York,United States",250000,5000000,https://nextlevelcatapult.com,Investor_list.xlsx:Sheet3
a0000002-0616-0000-0000-000000000001,STANDARD CHARTERED BANK,Venture Capital,250000000,Seed|Series A|Series B,AI/ML|B2B SaaS|Fintech|Healthcare,"Bengaluru, Karnataka, India",250000,5000000,https://sc.com,Investor_list.xlsx:Sheet3
a0000002-0617-0000-0000-000000000001,Susquehanna Asia Venture Capital,Venture Capital,250000000,Seed|Series A|Series B,AI/ML|B2B SaaS|Fintech|Healthcare,"Bengaluru Karnataka,India",250000,5000000,https://sig.com,Investor_list.xlsx:Sheet3
a0000002-0618-0000-0000-000000000001,Michael Page,Venture Capital,250000000,Seed|Series A|Series B,AI/ML|B2B SaaS|Fintech|Healthcare,"Mumbai Maharashtra,India",250000,5000000,https://michaelpage.co.in,Investor_list.xlsx:Sheet3
a0000002-0619-0000-0000-000000000001,Fincobox,Venture Capital,250000000,Seed|Series A|Series B,AI/ML|B2B SaaS|Fintech|Healthcare,"Bengaluru, Karnataka, India",250000,5000000,https://fincobox.com,Investor_list.xlsx:Sheet3
a0000002-0620-0000-0000-000000000001,RSM US LLP,Venture Capital,250000000,Seed|Series A|Series B,AI/ML|B2B SaaS|Fintech|Healthcare,"Gurugram Haryana,India",250000,5000000,https://rsmus.com,Investor_list.xlsx:Sheet3
a0000002-0621-0000-0000-000000000001,SucSEED Ventures,Angel Syndicate,250000000,Seed|Series A|Series B,AI/ML|B2B SaaS|Fintech|Healthcare,"Hyderabad ,Telangana ,India",250000,5000000,https://sucseed.biz,Investor_list.xlsx:Sheet3
a0000002-0622-0000-0000-000000000001,TaskUs,Angel Syndicate,250000000,Seed|Series A|Series B,AI/ML|B2B SaaS|Fintech|Healthcare,"Burhanpur ,Madhya Pradesh ,India",250000,5000000,https://taskus.com,Investor_list.xlsx:Sheet3
a0000002-0623-0000-0000-000000000001,Indian Private Equity & Venture Capital Association (IVCA),Venture Capital,250000000,Seed|Series A|Series B,AI/ML|B2B SaaS|Fintech|Healthcare,"Bengaluru, Karnataka, India",250000,5000000,https://ivca.in,Investor_list.xlsx:Sheet3
a0000002-0624-0000-0000-000000000001,Coachvirtus,Angel Syndicate,250000000,Seed|Series A|Series B,AI/ML|B2B SaaS|Fintech|Healthcare,"Kingdom City,Missouri,United States",250000,5000000,https://coachvirtus.com,Investor_list.xlsx:Sheet3
a0000002-0625-0000-0000-000000000001,NSIC Venture Capital Fund Limited,Venture Capital,250000000,Seed|Series A|Series B,AI/ML|B2B SaaS|Fintech|Healthcare,"New Delhi Delhi,India",250000,5000000,https://nvcfl.co.in,Investor_list.xlsx:Sheet3
a0000002-0626-0000-0000-000000000001,EMERGENT SEARCH PARTNERS INC.,Angel Syndicate,250000000,Seed|Series A|Series B,AI/ML|B2B SaaS|Fintech|Healthcare,"Markham, Ontario, Canada",250000,5000000,https://emergentsearchpartners.com,Investor_list.xlsx:Sheet3
a0000002-0627-0000-0000-000000000001,KPMG,Angel Syndicate,250000000,Seed|Series A|Series B,AI/ML|B2B SaaS|Fintech|Healthcare,United States,250000,5000000,https://kpmg.com,Investor_list.xlsx:Sheet3
a0000002-0628-0000-0000-000000000001,Healthcare Organisations,Venture Capital,250000000,Seed|Series A|Series B,AI/ML|B2B SaaS|Fintech|Healthcare,"Bengaluru, Karnataka, India",250000,5000000,https://speco.ai,Investor_list.xlsx:Sheet3
a0000002-0629-0000-0000-000000000001,Teaser Platform,Venture Capital,250000000,Seed|Series A|Series B,AI/ML|B2B SaaS|Fintech|Healthcare,"Mangaluru Karnataka,India",250000,5000000,https://teaser.co,Investor_list.xlsx:Sheet3
a0000002-0630-0000-0000-000000000001,The Citco Group Limited,Venture Capital,250000000,Seed|Series A|Series B,AI/ML|B2B SaaS|Fintech|Healthcare,"Pune, Maharashtra, India",250000,5000000,https://citco.com,Investor_list.xlsx:Sheet3
a0000002-0631-0000-0000-000000000001,NightDragon,Venture Capital,250000000,Seed|Series A|Series B,AI/ML|B2B SaaS|Fintech|Healthcare,"Danville, California, United States",250000,5000000,https://nightdragon.com,Investor_list.xlsx:Sheet3
a0000002-0632-0000-0000-000000000001,WiSilica | Internet Of Things | Digital Transformation | Creative Entrepreneur | Products,Venture Capital,250000000,Seed|Series A|Series B,AI/ML|B2B SaaS|Fintech|Healthcare,"Ernakulam, Kerala, India",250000,5000000,https://wisilica.com,Investor_list.xlsx:Sheet3
a0000002-0633-0000-0000-000000000001,Afore Capital,Venture Capital,250000000,Seed|Series A|Series B,AI/ML|B2B SaaS|Fintech|Healthcare,US|Global,250000,5000000,https://afore.vc,Investor_list.xlsx:Sheet3
a0000002-0634-0000-0000-000000000001,Cathay Capital,Venture Capital,250000000,Seed|Series A|Series B,AI/ML|B2B SaaS|Fintech|Healthcare,"Minneapolis, Minnesota, United States",250000,5000000,https://cathaycapital.com,Investor_list.xlsx:Sheet3
a0000002-0635-0000-0000-000000000001,Cove,Venture Capital,250000000,Seed|Series A|Series B,AI/ML|B2B SaaS|Fintech|Healthcare,"Palo Alto, California, United States",250000,5000000,https://cove.ai,Investor_list.xlsx:Sheet3
a0000002-0636-0000-0000-000000000001,Runa Capital,Venture Capital,250000000,Seed|Series A|Series B,AI/ML|B2B SaaS|Fintech|Healthcare,US|Global,250000,5000000,https://runacap.com,Investor_list.xlsx:Sheet3
a0000002-0637-0000-0000-000000000001,InnoVen Capital India,Venture Capital,250000000,Seed|Series A|Series B,AI/ML|B2B SaaS|Fintech|Healthcare,"Gurugram, Haryana, India",250000,5000000,https://innovencapital.com,Investor_list.xlsx:Sheet3
a0000002-0638-0000-0000-000000000001,MXV Capital,Venture Capital,250000000,Seed|Series A|Series B,AI/ML|B2B SaaS|Fintech|Healthcare,US|Global,250000,5000000,https://mxv.vc,Investor_list.xlsx:Sheet3
a0000002-0639-0000-0000-000000000001,Purple Drive Technologies,Venture Capital,250000000,Seed|Series A|Series B,AI/ML|B2B SaaS|Fintech|Healthcare,"Irvine, California, United States",250000,5000000,https://purpledrive.com,Investor_list.xlsx:Sheet3
a0000002-0640-0000-0000-000000000001,INNOVAL DIGITAL SOLUTIONS PVT LTD (IVL),Venture Capital,250000000,Seed|Series A|Series B,AI/ML|B2B SaaS|Fintech|Healthcare,"Mumbai, Maharashtra, India",250000,5000000,https://ivldsp.com,Investor_list.xlsx:Sheet3
a0000002-0641-0000-0000-000000000001,Unicorn Next,Venture Capital,250000000,Seed|Series A|Series B,AI/ML|B2B SaaS|Fintech|Healthcare,"Mumbai, Maharashtra, India",250000,5000000,https://unicornnext.com,Investor_list.xlsx:Sheet3
a0000002-0642-0000-0000-000000000001,Sven Kirkerup,Venture Capital,250000000,Seed|Series A|Series B,AI/ML|B2B SaaS|Fintech|Healthcare,"Hamburg, Hamburg, Germany",250000,5000000,https://kirkerup.com,Investor_list.xlsx:Sheet3
a0000002-0643-0000-0000-000000000001,"Grand View Research, Inc",Venture Capital,250000000,Seed|Series A|Series B,AI/ML|B2B SaaS|Fintech|Healthcare,"Pune, Maharashtra, India",250000,5000000,https://grandviewresearch.com,Investor_list.xlsx:Sheet3
a0000002-0644-0000-0000-000000000001,Epidarex Capital,Venture Capital,250000000,Seed|Series A|Series B,AI/ML|B2B SaaS|Fintech|Healthcare,US|Global,250000,5000000,https://epidarex.com,Investor_list.xlsx:Sheet3
a0000002-0645-0000-0000-000000000001,Business Angel,Angel Syndicate,250000000,Seed|Series A|Series B,AI/ML|B2B SaaS|Fintech|Healthcare,"Los Angeles,California,United States",250000,5000000,https://cozyman.co,Investor_list.xlsx:Sheet3
a0000002-0646-0000-0000-000000000001,Kilobaser,Angel Syndicate,250000000,Seed|Series A|Series B,AI/ML|B2B SaaS|Fintech|Healthcare,"Concord,Massachusetts,United States",250000,5000000,https://kilobaser.com,Investor_list.xlsx:Sheet3
a0000002-0647-0000-0000-000000000001,Forgepoint Capital,Venture Capital,250000000,Seed|Series A|Series B,AI/ML|B2B SaaS|Fintech|Healthcare,United States,250000,5000000,https://forgepointcap.com,Investor_list.xlsx:Sheet3
a0000002-0648-0000-0000-000000000001,InteP Capital,Venture Capital,250000000,Seed|Series A|Series B,AI/ML|B2B SaaS|Fintech|Healthcare,San Francisco Bay Area,250000,5000000,https://dncapital.com,Investor_list.xlsx:Sheet3
a0000002-0649-0000-0000-000000000001,Reforge,Venture Capital,250000000,Seed|Series A|Series B,AI/ML|B2B SaaS|Fintech|Healthcare,San Francisco Bay Area,250000,5000000,https://reforge.com,Investor_list.xlsx:Sheet3
a0000002-0650-0000-0000-000000000001,NBT,Angel Syndicate,250000000,Seed|Series A|Series B,AI/ML|B2B SaaS|Fintech|Healthcare,"Boulder,Colorado,United States",250000,5000000,https://tkeller.com,Investor_list.xlsx:Sheet3
a0000002-0651-0000-0000-000000000001,Anthill Ventures,Venture Capital,250000000,Seed|Series A|Series B,AI/ML|B2B SaaS|Fintech|Healthcare,"Hyderabad, Telangana, India",250000,5000000,https://anthillventures.com,Investor_list.xlsx:Sheet3
a0000002-0652-0000-0000-000000000001,Abercrombie & Fitch Co.,Angel Syndicate,250000000,Seed|Series A|Series B,AI/ML|B2B SaaS|Fintech|Healthcare,"Chula Vista,California,United States",250000,5000000,https://abercrombie.com,Investor_list.xlsx:Sheet3
a0000002-0653-0000-0000-000000000001,Interlock Capital,Venture Capital,250000000,Seed|Series A|Series B,AI/ML|B2B SaaS|Fintech|Healthcare,"Chandigarh Chandigarh,India",250000,5000000,https://sacc-sandiego.org,Investor_list.xlsx:Sheet3
a0000002-0654-0000-0000-000000000001,General Partner,Venture Capital,250000000,Seed|Series A|Series B,AI/ML|B2B SaaS|Fintech|Healthcare,Berlin Metropolitan Area,250000,5000000,https://project-a.com,Investor_list.xlsx:Sheet3
a0000002-0655-0000-0000-000000000001,One Green,Venture Capital,250000000,Seed|Series A|Series B,AI/ML|B2B SaaS|Fintech|Healthcare,Greater Paris Metropolitan Region,250000,5000000,https://one-green.com,Investor_list.xlsx:Sheet3
a0000002-0656-0000-0000-000000000001,VC GRID,Venture Capital,250000000,Seed|Series A|Series B,AI/ML|B2B SaaS|Fintech|Healthcare,"Mumbai, Maharashtra, India",250000,5000000,https://vcgrid.in,Investor_list.xlsx:Sheet3
a0000002-0657-0000-0000-000000000001,Skillto & Skillto Design Studio | Angel Investor | Advisor | Mentor | Web | Data | Develop,Angel Syndicate,250000000,Seed|Series A|Series B,AI/ML|B2B SaaS|Fintech|Healthcare,"Ludhiana, Punjab, India",250000,5000000,https://skillto.in,Investor_list.xlsx:Sheet3
a0000002-0658-0000-0000-000000000001,ICICI Bank,Venture Capital,250000000,Seed|Series A|Series B,AI/ML|B2B SaaS|Fintech|Healthcare,"New Delhi Delhi,India",250000,5000000,https://icicibank.com,Investor_list.xlsx:Sheet3
a0000002-0659-0000-0000-000000000001,Axis Bank,Venture Capital,250000000,Seed|Series A|Series B,AI/ML|B2B SaaS|Fintech|Healthcare,"Mumbai Maharashtra,India",250000,5000000,https://axisbank.com,Investor_list.xlsx:Sheet3
a0000002-0660-0000-0000-000000000001,"King Stubb & Kasiva, Advocates & Attorneys",Venture Capital,250000000,Seed|Series A|Series B,AI/ML|B2B SaaS|Fintech|Healthcare,"South Delhi, Delhi, India",250000,5000000,https://ksandk.com,Investor_list.xlsx:Sheet3
a0000002-0661-0000-0000-000000000001,Zebra Ventures,Venture Capital,250000000,Seed|Series A|Series B,AI/ML|B2B SaaS|Fintech|Healthcare,"Lincolnshire, Illinois, United States",250000,5000000,https://zebra.com,Investor_list.xlsx:Sheet3
a0000002-0662-0000-0000-000000000001,Western Capital Advisors Pvt Ltd,Venture Capital,250000000,Seed|Series A|Series B,AI/ML|B2B SaaS|Fintech|Healthcare,"Mumbai Maharashtra,India",250000,5000000,https://westerncap.in,Investor_list.xlsx:Sheet3
a0000002-0663-0000-0000-000000000001,Cipla,Venture Capital,250000000,Seed|Series A|Series B,AI/ML|B2B SaaS|Fintech|Healthcare,"Mumbai Maharashtra,India",250000,5000000,https://cipla.com,Investor_list.xlsx:Sheet3
a0000002-0664-0000-0000-000000000001,Mopid,Angel Syndicate,250000000,Seed|Series A|Series B,AI/ML|B2B SaaS|Fintech|Healthcare,"Bengaluru ,Karnataka ,India",250000,5000000,https://sapient.ai,Investor_list.xlsx:Sheet3
a0000002-0665-0000-0000-000000000001,SOCIAL BEAT,Venture Capital,250000000,Seed|Series A|Series B,AI/ML|B2B SaaS|Fintech|Healthcare,India,250000,5000000,https://socialbeat.in,Investor_list.xlsx:Sheet3
a0000002-0666-0000-0000-000000000001,Melooha,Venture Capital,250000000,Seed|Series A|Series B,AI/ML|B2B SaaS|Fintech|Healthcare,"Bengaluru, Karnataka, India",250000,5000000,https://melooha.com,Investor_list.xlsx:Sheet3
a0000002-0667-0000-0000-000000000001,Family Office,Family Office / LP Allocator,500000000,Acquisition|Value-Add|Core,Diversified Alternatives|Fund Commitments,"Bengaluru ,Karnataka ,India",1000000,25000000,https://familyoffices.com,Investor_list.xlsx:Sheet3
a0000002-0668-0000-0000-000000000001,Aurone Ventures,Venture Capital,250000000,Seed|Series A|Series B,AI/ML|B2B SaaS|Fintech|Healthcare,"Gurgaon, Haryana, India",250000,5000000,https://aurone.in,Investor_list.xlsx:Sheet3
a0000002-0669-0000-0000-000000000001,Srei,Venture Capital,250000000,Seed|Series A|Series B,AI/ML|B2B SaaS|Fintech|Healthcare,"Mumbai Maharashtra,India",250000,5000000,https://tatacapital.com,Investor_list.xlsx:Sheet3
a0000002-0670-0000-0000-000000000001,Hughes Systique Corporation,Venture Capital,250000000,Seed|Series A|Series B,AI/ML|B2B SaaS|Fintech|Healthcare,"Gurugram, Haryana, India",250000,5000000,https://hsc.com,Investor_list.xlsx:Sheet3
a0000002-0671-0000-0000-000000000001,EvenFlow Experiences,Angel Syndicate,250000000,Seed|Series A|Series B,AI/ML|B2B SaaS|Fintech|Healthcare,"Bengaluru ,Karnataka ,India",250000,5000000,https://evenflow.in,Investor_list.xlsx:Sheet3
a0000002-0672-0000-0000-000000000001,ESSENCEMEDIACOM INDIA,Venture Capital,250000000,Seed|Series A|Series B,AI/ML|B2B SaaS|Fintech|Healthcare,"Mumbai, Maharashtra, India",250000,5000000,https://essencemediacom.com,Investor_list.xlsx:Sheet3
a0000002-0673-0000-0000-000000000001,DevelopTech,Venture Capital,250000000,Seed|Series A|Series B,AI/ML|B2B SaaS|Fintech|Healthcare,"Chandigarh, India",250000,5000000,https://develop-tech.com,Investor_list.xlsx:Sheet3
a0000002-0674-0000-0000-000000000001,Excluto,Venture Capital,250000000,Seed|Series A|Series B,AI/ML|B2B SaaS|Fintech|Healthcare,"New Delhi Delhi,India",250000,5000000,https://excluto.com,Investor_list.xlsx:Sheet3
a0000002-0675-0000-0000-000000000001,"Success4, Inc",Venture Capital,250000000,Seed|Series A|Series B,AI/ML|B2B SaaS|Fintech|Healthcare,"Austin, Texas Metropolitan Area",250000,5000000,https://success4.us,Investor_list.xlsx:Sheet3
a0000002-0676-0000-0000-000000000001,The Pachera Group,Angel Syndicate,250000000,Seed|Series A|Series B,AI/ML|B2B SaaS|Fintech|Healthcare,"Los Gatos,California,United States",250000,5000000,https://thepacheragroup.com,Investor_list.xlsx:Sheet3
a0000002-0677-0000-0000-000000000001,Maxsimos Techsoft Pvt. Ltd.,Venture Capital,250000000,Seed|Series A|Series B,AI/ML|B2B SaaS|Fintech|Healthcare,"Pune, Maharashtra, India",250000,5000000,https://maxsimos.com,Investor_list.xlsx:Sheet3
a0000002-0678-0000-0000-000000000001,Launch Capital Partners,Venture Capital,250000000,Seed|Series A|Series B,AI/ML|B2B SaaS|Fintech|Healthcare,"Boston, Massachusetts, United States",250000,5000000,https://launchcapital.com,Investor_list.xlsx:Sheet3
a0000002-0679-0000-0000-000000000001,"jetpack cognition lab, inc.",Angel Syndicate,250000000,Seed|Series A|Series B,AI/ML|B2B SaaS|Fintech|Healthcare,"Fort Lauderdale,Florida,United States",250000,5000000,https://senrad.com,Investor_list.xlsx:Sheet3
a0000002-0680-0000-0000-000000000001,TSVC Capital,Venture Capital,250000000,Seed|Series A|Series B,AI/ML|B2B SaaS|Fintech|Healthcare,US|Global,250000,5000000,https://tsvcap.com,Investor_list.xlsx:Sheet3
a0000002-0681-0000-0000-000000000001,"Essent Guaranty, Inc.",Angel Syndicate,250000000,Seed|Series A|Series B,AI/ML|B2B SaaS|Fintech|Healthcare,"Los Angeles,California,United States",250000,5000000,https://essent.nl,Investor_list.xlsx:Sheet3
a0000002-0682-0000-0000-000000000001,UpHonest Capital,Venture Capital,250000000,Seed|Series A|Series B,AI/ML|B2B SaaS|Fintech|Healthcare,San Francisco Bay Area,250000,5000000,https://uphonest.capital,Investor_list.xlsx:Sheet3
a0000002-0683-0000-0000-000000000001,Ankur Capital,Venture Capital,250000000,Seed|Series A|Series B,AI/ML|B2B SaaS|Fintech|Healthcare,"Toronto, Ontario, Canada",250000,5000000,https://ankurcapital.com,Investor_list.xlsx:Sheet3
a0000002-0684-0000-0000-000000000001,Vercel,Venture Capital,250000000,Seed|Series A|Series B,AI/ML|B2B SaaS|Fintech|Healthcare,"Portland, Oregon, United States",250000,5000000,https://vercel.com,Investor_list.xlsx:Sheet3
a0000002-0685-0000-0000-000000000001,TTM Capital,Venture Capital,250000000,Seed|Series A|Series B,AI/ML|B2B SaaS|Fintech|Healthcare,"Suzhou, Jiangsu, China",250000,5000000,https://ttmcapital.com.au,Investor_list.xlsx:Sheet3
a0000002-0686-0000-0000-000000000001,Mubadala Capital,Venture Capital,250000000,Seed|Series A|Series B,AI/ML|B2B SaaS|Fintech|Healthcare,"Palo Alto, California, United States",250000,5000000,https://mubadalacapital.ae,Investor_list.xlsx:Sheet3
a0000002-0687-0000-0000-000000000001,Starshot Capital,Venture Capital,250000000,Seed|Series A|Series B,AI/ML|B2B SaaS|Fintech|Healthcare,San Francisco Bay Area,250000,5000000,https://starshotcapital.com,Investor_list.xlsx:Sheet3
a0000002-0688-0000-0000-000000000001,ProGrowth Ventures,Venture Capital,250000000,Seed|Series A|Series B,AI/ML|B2B SaaS|Fintech|Healthcare,US|Global,250000,5000000,https://www.progrowthventures.com,Investor_list.xlsx:Sheet3
a0000002-0689-0000-0000-000000000001,Eagle10 Ventures,Venture Capital,250000000,Seed|Series A|Series B,AI/ML|B2B SaaS|Fintech|Healthcare,"Bengaluru, Karnataka",250000,5000000,,Investor_list.xlsx:Sheet3
a0000002-0690-0000-0000-000000000001,Anchorage Capital Partners,Venture Capital,250000000,Seed|Series A|Series B,AI/ML|B2B SaaS|Fintech|Healthcare,"Mumbai, Maharashtra",250000,5000000,https://www.anchoragecap.in,Investor_list.xlsx:Sheet3
a0000002-0691-0000-0000-000000000001,Banking Possibilities,Venture Capital,250000000,Seed|Series A|Series B,AI/ML|B2B SaaS|Fintech|Healthcare,"Dubai,UAE",250000,5000000,https://www.bankingpossibilities.com,Investor_list.xlsx:Sheet3
a0000002-0692-0000-0000-000000000001,GVFL Limited,Venture Capital,250000000,Seed|Series A|Series B,AI/ML|B2B SaaS|Fintech|Healthcare,"Ahmedabad, Gujarat",250000,5000000,https://www.gvfl.com,Investor_list.xlsx:Sheet3
a0000002-0693-0000-0000-000000000001,Asia Bridge Israel,Venture Capital,250000000,Seed|Series A|Series B,AI/ML|B2B SaaS|Fintech|Healthcare,"Tel Aviv District, Israel",250000,5000000,,Investor_list.xlsx:Sheet3
a0000002-0694-0000-0000-000000000001,India Accelerator,Venture Capital,250000000,Seed|Series A|Series B,AI/ML|B2B SaaS|Fintech|Healthcare,"Bengaluru, Karnataka",250000,5000000,https://www.indiaaccelerator.co,Investor_list.xlsx:Sheet3
a0000002-0695-0000-0000-000000000001,Lastaki Advisors Pvt. Ltd.,Venture Capital,250000000,Seed|Series A|Series B,AI/ML|B2B SaaS|Fintech|Healthcare,"Mumbai, Maharashtra",250000,5000000,https://www.lastaki.com,Investor_list.xlsx:Sheet3
a0000002-0696-0000-0000-000000000001,Summit Works,Venture Capital,250000000,Seed|Series A|Series B,AI/ML|B2B SaaS|Fintech|Healthcare,United States,250000,5000000,https://www.summitworks.co,Investor_list.xlsx:Sheet3
a0000002-0697-0000-0000-000000000001,Eurazeo,Venture Capital,250000000,Seed|Series A|Series B,AI/ML|B2B SaaS|Fintech|Healthcare,"London, England, United Kingdom",250000,5000000,https://eurazeo.com,Investor_list.xlsx:Sheet4
a0000002-0698-0000-0000-000000000001,Hermesofparis,Venture Capital,250000000,Seed|Series A|Series B,AI/ML|B2B SaaS|Fintech|Healthcare,"Los Angeles ,California, United States",250000,5000000,https://hermesofparis.com,Investor_list.xlsx:Sheet4
a0000002-0699-0000-0000-000000000001,Venturecatalysts,Venture Capital,250000000,Seed|Series A|Series B,AI/ML|B2B SaaS|Fintech|Healthcare,"Mumbai, Maharashtra, India",250000,5000000,https://venturecatalysts.in,Investor_list.xlsx:Sheet4
a0000002-0700-0000-0000-000000000001,Gspring,Venture Capital,250000000,Seed|Series A|Series B,AI/ML|B2B SaaS|Fintech|Healthcare,"Bethesda ,Maryland, United States",250000,5000000,https://gspring.com,Investor_list.xlsx:Sheet4
a0000002-0701-0000-0000-000000000001,Elevation,Venture Capital,250000000,Seed|Series A|Series B,AI/ML|B2B SaaS|Fintech|Healthcare,"Bengaluru, Karnataka, India",250000,5000000,https://elevation.ventures,Investor_list.xlsx:Sheet4
a0000002-0702-0000-0000-000000000001,Avidventures,Venture Capital,250000000,Seed|Series A|Series B,AI/ML|B2B SaaS|Fintech|Healthcare,"New York ,New York, United States",250000,5000000,https://avidventures.com,Investor_list.xlsx:Sheet4
a0000002-0703-0000-0000-000000000001,Glasswing,Venture Capital,250000000,Seed|Series A|Series B,AI/ML|B2B SaaS|Fintech|Healthcare,"Boston ,Massachusetts, United States",250000,5000000,https://glasswing.vc,Investor_list.xlsx:Sheet4
a0000002-0704-0000-0000-000000000001,Allianz,Venture Capital,250000000,Seed|Series A|Series B,AI/ML|B2B SaaS|Fintech|Healthcare,"Munich, Bayern, Germany",250000,5000000,https://allianz.com,Investor_list.xlsx:Sheet4
a0000002-0705-0000-0000-000000000001,Govincapital,Venture Capital,250000000,Seed|Series A|Series B,AI/ML|B2B SaaS|Fintech|Healthcare,"Singapore, Central Region, Singapore",250000,5000000,https://govincapital.com,Investor_list.xlsx:Sheet4
a0000002-0706-0000-0000-000000000001,Cambrianbio,Venture Capital,250000000,Seed|Series A|Series B,AI/ML|B2B SaaS|Fintech|Healthcare,"New York ,New York, United States",250000,5000000,https://cambrianbio.com,Investor_list.xlsx:Sheet4
a0000002-0707-0000-0000-000000000001,Battery,Venture Capital,250000000,Seed|Series A|Series B,AI/ML|B2B SaaS|Fintech|Healthcare,"San Francisco ,California, United States",250000,5000000,https://battery.com,Investor_list.xlsx:Sheet4
a0000002-0708-0000-0000-000000000001,Piercounsel,Venture Capital,250000000,Seed|Series A|Series B,AI/ML|B2B SaaS|Fintech|Healthcare,"Gurgaon, Haryana",250000,5000000,https://piercounsel.com,Investor_list.xlsx:Sheet4
a0000002-0709-0000-0000-000000000001,Crescera,Venture Capital,250000000,Seed|Series A|Series B,AI/ML|B2B SaaS|Fintech|Healthcare,"Conroe ,Texas, United States",250000,5000000,https://crescera.com,Investor_list.xlsx:Sheet4
a0000002-0710-0000-0000-000000000001,Lightbox,Venture Capital,250000000,Seed|Series A|Series B,AI/ML|B2B SaaS|Fintech|Healthcare,"Mumbai, Maharashtra, India",250000,5000000,https://lightbox.vc,Investor_list.xlsx:Sheet4
a0000002-0711-0000-0000-000000000001,Dreamventures,Venture Capital,250000000,Seed|Series A|Series B,AI/ML|B2B SaaS|Fintech|Healthcare,"Dallas ,Texas, United States",250000,5000000,https://dreamventures.com,Investor_list.xlsx:Sheet4
a0000002-0712-0000-0000-000000000001,Singularitycapital,Venture Capital,250000000,Seed|Series A|Series B,AI/ML|B2B SaaS|Fintech|Healthcare,"Tucson ,Arizona, United States",250000,5000000,https://singularitycapital.us,Investor_list.xlsx:Sheet4
a0000002-0713-0000-0000-000000000001,Negotiating-with-goliath,Venture Capital,250000000,Seed|Series A|Series B,AI/ML|B2B SaaS|Fintech|Healthcare,"Berlin, Berlin, Germany",250000,5000000,https://negotiating-with-goliath.com,Investor_list.xlsx:Sheet4
a0000002-0714-0000-0000-000000000001,Carta,Venture Capital,250000000,Seed|Series A|Series B,AI/ML|B2B SaaS|Fintech|Healthcare,"Bellevue ,Washington, United States",250000,5000000,https://carta.com,Investor_list.xlsx:Sheet4
a0000002-0715-0000-0000-000000000001,Bvp,Venture Capital,250000000,Seed|Series A|Series B,AI/ML|B2B SaaS|Fintech|Healthcare,Canada,250000,5000000,https://bvp.com,Investor_list.xlsx:Sheet4
a0000002-0716-0000-0000-000000000001,Cmtam,Venture Capital,250000000,Seed|Series A|Series B,AI/ML|B2B SaaS|Fintech|Healthcare,"Chicago, Illinois, United States",250000,5000000,https://cmtam.com,Investor_list.xlsx:Sheet4
a0000002-0717-0000-0000-000000000001,Mesirowfinancial,Venture Capital,250000000,Seed|Series A|Series B,AI/ML|B2B SaaS|Fintech|Healthcare,"Chicago, Illinois, United States",250000,5000000,https://mesirowfinancial.com,Investor_list.xlsx:Sheet4
a0000002-0718-0000-0000-000000000001,Wintrust,Venture Capital,250000000,Seed|Series A|Series B,AI/ML|B2B SaaS|Fintech|Healthcare,"Rosamond, Illinois, United States",250000,5000000,https://wintrust.com,Investor_list.xlsx:Sheet4
a0000002-0719-0000-0000-000000000001,Illinois,Venture Capital,250000000,Seed|Series A|Series B,AI/ML|B2B SaaS|Fintech|Healthcare,"Chicago ,Illinois, United States",250000,5000000,https://illinois.gov,Investor_list.xlsx:Sheet4
a0000002-0720-0000-0000-000000000001,Reddotventures,Venture Capital,250000000,Seed|Series A|Series B,AI/ML|B2B SaaS|Fintech|Healthcare,"Singapore, Central Region, Singapore",250000,5000000,https://reddotventures.com,Investor_list.xlsx:Sheet4
a0000002-0721-0000-0000-000000000001,Galaxy,Venture Capital,250000000,Seed|Series A|Series B,AI/ML|B2B SaaS|Fintech|Healthcare,"New York ,New York, United States",250000,5000000,https://galaxy.com,Investor_list.xlsx:Sheet4
a0000002-0722-0000-0000-000000000001,Technexus,Venture Capital,250000000,Seed|Series A|Series B,AI/ML|B2B SaaS|Fintech|Healthcare,"Chicago, Illinois, United States",250000,5000000,https://technexus.com,Investor_list.xlsx:Sheet4
a0000002-0723-0000-0000-000000000001,50partners,Venture Capital,250000000,Seed|Series A|Series B,AI/ML|B2B SaaS|Fintech|Healthcare,"Paris, Ile-de-France, France",250000,5000000,https://50partners.fr,Investor_list.xlsx:Sheet4
a0000002-0724-0000-0000-000000000001,Divedigital,Venture Capital,250000000,Seed|Series A|Series B,AI/ML|B2B SaaS|Fintech|Healthcare,"Munich, Bayern, Germany",250000,5000000,https://divedigital.de,Investor_list.xlsx:Sheet4
a0000002-0725-0000-0000-000000000001,Ivc-venture-capital,Venture Capital,250000000,Seed|Series A|Series B,AI/ML|B2B SaaS|Fintech|Healthcare,"Bad Homburg, Hessen, Germany",250000,5000000,https://ivc-venture-capital.com,Investor_list.xlsx:Sheet4
a0000002-0726-0000-0000-000000000001,Kreaxi,Venture Capital,250000000,Seed|Series A|Series B,AI/ML|B2B SaaS|Fintech|Healthcare,"Limonest, Rhone-Alpes, France",250000,5000000,https://kreaxi.com,Investor_list.xlsx:Sheet4
a0000002-0727-0000-0000-000000000001,Mimirinvest,Venture Capital,250000000,Seed|Series A|Series B,AI/ML|B2B SaaS|Fintech|Healthcare,"Stockholm, Stockholms Lan, Sweden",250000,5000000,https://mimirinvest.com,Investor_list.xlsx:Sheet4
a0000002-0728-0000-0000-000000000001,Pixvc,Venture Capital,250000000,Seed|Series A|Series B,AI/ML|B2B SaaS|Fintech|Healthcare,"Singapore, Central Region, Singapore",250000,5000000,https://pixvc.com,Investor_list.xlsx:Sheet4
a0000002-0729-0000-0000-000000000001,Truffle,Venture Capital,250000000,Seed|Series A|Series B,AI/ML|B2B SaaS|Fintech|Healthcare,"Paris, Ile-de-France, France",250000,5000000,https://truffle.com,Investor_list.xlsx:Sheet4
a0000002-0730-0000-0000-000000000001,Vitruvianpartners,Venture Capital,250000000,Seed|Series A|Series B,AI/ML|B2B SaaS|Fintech|Healthcare,"London, England, United Kingdom",250000,5000000,https://vitruvianpartners.com,Investor_list.xlsx:Sheet4
a0000002-0731-0000-0000-000000000001,Amundi,Venture Capital,250000000,Seed|Series A|Series B,AI/ML|B2B SaaS|Fintech|Healthcare,"Paris, Ile-de-France, France",250000,5000000,https://amundi.com,Investor_list.xlsx:Sheet4
a0000002-0732-0000-0000-000000000001,Cultiviansbx,Venture Capital,250000000,Seed|Series A|Series B,AI/ML|B2B SaaS|Fintech|Healthcare,"Chicago, Illinois, United States",250000,5000000,https://cultiviansbx.com,Investor_list.xlsx:Sheet4
a0000002-0733-0000-0000-000000000001,Ocbc,Venture Capital,250000000,Seed|Series A|Series B,AI/ML|B2B SaaS|Fintech|Healthcare,"Singapore, Central Region, Singapore",250000,5000000,https://ocbc.com,Investor_list.xlsx:Sheet4
a0000002-0734-0000-0000-000000000001,Virgin,Venture Capital,250000000,Seed|Series A|Series B,AI/ML|B2B SaaS|Fintech|Healthcare,"London, England, United Kingdom",250000,5000000,https://virgin.com,Investor_list.xlsx:Sheet4
a0000002-0735-0000-0000-000000000001,Morningside,Venture Capital,250000000,Seed|Series A|Series B,AI/ML|B2B SaaS|Fintech|Healthcare,"Cambridge ,Massachusetts, United States",250000,5000000,https://morningside.com,Investor_list.xlsx:Sheet4
a0000002-0736-0000-0000-000000000001,Pupatr,Venture Capital,250000000,Seed|Series A|Series B,AI/ML|B2B SaaS|Fintech|Healthcare,"Weston ,Connecticut, United States",250000,5000000,https://pupatr.com,Investor_list.xlsx:Sheet4
a0000002-0737-0000-0000-000000000001,Newlegacy,Venture Capital,250000000,Seed|Series A|Series B,AI/ML|B2B SaaS|Fintech|Healthcare,"New York ,New York, United States",250000,5000000,https://newlegacy.com,Investor_list.xlsx:Sheet4
a0000002-0738-0000-0000-000000000001,Momeni-group,Venture Capital,250000000,Seed|Series A|Series B,AI/ML|B2B SaaS|Fintech|Healthcare,"Hamburg, Hamburg, Germany",250000,5000000,https://momeni-group.com,Investor_list.xlsx:Sheet4
a0000002-0739-0000-0000-000000000001,Hpe,Venture Capital,250000000,Seed|Series A|Series B,AI/ML|B2B SaaS|Fintech|Healthcare,"San Francisco ,California, United States",250000,5000000,https://hpe.com,Investor_list.xlsx:Sheet4
a0000002-0740-0000-0000-000000000001,Drw,Venture Capital,250000000,Seed|Series A|Series B,AI/ML|B2B SaaS|Fintech|Healthcare,"Chicago, Illinois, United States",250000,5000000,https://drw.com,Investor_list.xlsx:Sheet4
a0000002-0741-0000-0000-000000000001,500startups,Venture Capital,250000000,Seed|Series A|Series B,AI/ML|B2B SaaS|Fintech|Healthcare,"Singapore, Central Region, Singapore",250000,5000000,https://500startups.com,Investor_list.xlsx:Sheet4
a0000002-0742-0000-0000-000000000001,Coinfund,Venture Capital,250000000,Seed|Series A|Series B,AI/ML|B2B SaaS|Fintech|Healthcare,"Boston ,Massachusetts, United States",250000,5000000,https://coinfund.io,Investor_list.xlsx:Sheet4
a0000002-0743-0000-0000-000000000001,Trive,Venture Capital,250000000,Seed|Series A|Series B,AI/ML|B2B SaaS|Fintech|Healthcare,"Singapore, Central Region, Singapore",250000,5000000,https://trive.vc,Investor_list.xlsx:Sheet4
a0000002-0744-0000-0000-000000000001,Tembusupartners,Venture Capital,250000000,Seed|Series A|Series B,AI/ML|B2B SaaS|Fintech|Healthcare,"Singapore, Central Region, Singapore",250000,5000000,https://tembusupartners.com,Investor_list.xlsx:Sheet4
a0000002-0745-0000-0000-000000000001,Healthworx,Venture Capital,250000000,Seed|Series A|Series B,AI/ML|B2B SaaS|Fintech|Healthcare,"Baltimore ,Maryland, United States",250000,5000000,https://healthworx.com,Investor_list.xlsx:Sheet4
a0000002-0746-0000-0000-000000000001,Expara,Venture Capital,250000000,Seed|Series A|Series B,AI/ML|B2B SaaS|Fintech|Healthcare,"Singapore, Central Region, Singapore",250000,5000000,https://expara.com,Investor_list.xlsx:Sheet4
a0000002-0747-0000-0000-000000000001,Ocaventures,Venture Capital,250000000,Seed|Series A|Series B,AI/ML|B2B SaaS|Fintech|Healthcare,"Chicago ,Illinois, United States",250000,5000000,https://ocaventures.com,Investor_list.xlsx:Sheet4
a0000002-0748-0000-0000-000000000001,Ntxtools,Venture Capital,250000000,Seed|Series A|Series B,AI/ML|B2B SaaS|Fintech|Healthcare,"Paris, Ile-de-France, France",250000,5000000,https://ntxtools.com,Investor_list.xlsx:Sheet4
a0000002-0749-0000-0000-000000000001,Finhealthnetwork,Venture Capital,250000000,Seed|Series A|Series B,AI/ML|B2B SaaS|Fintech|Healthcare,"Chicago, Illinois, United States",250000,5000000,https://finhealthnetwork.org,Investor_list.xlsx:Sheet4
a0000002-0750-0000-0000-000000000001,Usc,Venture Capital,250000000,Seed|Series A|Series B,AI/ML|B2B SaaS|Fintech|Healthcare,"Los Angeles ,California, United States",250000,5000000,https://usc.edu,Investor_list.xlsx:Sheet4
a0000002-0751-0000-0000-000000000001,Neuvc,Venture Capital,250000000,Seed|Series A|Series B,AI/ML|B2B SaaS|Fintech|Healthcare,"New York ,New York, United States",250000,5000000,https://neuvc.com,Investor_list.xlsx:Sheet4
a0000002-0752-0000-0000-000000000001,Tigerglobal,Venture Capital,250000000,Seed|Series A|Series B,AI/ML|B2B SaaS|Fintech|Healthcare,"New York ,New York, United States",250000,5000000,https://tigerglobal.com,Investor_list.xlsx:Sheet4
a0000002-0753-0000-0000-000000000001,Generationim,Venture Capital,250000000,Seed|Series A|Series B,AI/ML|B2B SaaS|Fintech|Healthcare,"London, England, United Kingdom",250000,5000000,https://generationim.com,Investor_list.xlsx:Sheet4
a0000002-0754-0000-0000-000000000001,Medtronic,Venture Capital,250000000,Seed|Series A|Series B,AI/ML|B2B SaaS|Fintech|Healthcare,"Minneapolis ,Minnesota, United States",250000,5000000,https://medtronic.com,Investor_list.xlsx:Sheet4
a0000002-0755-0000-0000-000000000001,Hydeparkvp,Venture Capital,250000000,Seed|Series A|Series B,AI/ML|B2B SaaS|Fintech|Healthcare,"Chicago, Illinois, United States",250000,5000000,https://hydeparkvp.com,Investor_list.xlsx:Sheet4
a0000002-0756-0000-0000-000000000001,Germin8ventures,Venture Capital,250000000,Seed|Series A|Series B,AI/ML|B2B SaaS|Fintech|Healthcare,"Chicago, Illinois, United States",250000,5000000,https://germin8ventures.com,Investor_list.xlsx:Sheet4
a0000002-0757-0000-0000-000000000001,Iterative,Venture Capital,250000000,Seed|Series A|Series B,AI/ML|B2B SaaS|Fintech|Healthcare,"Singapore, Central Region, Singapore",250000,5000000,https://iterative.vc,Investor_list.xlsx:Sheet4
a0000002-0758-0000-0000-000000000001,R7partners,Venture Capital,250000000,Seed|Series A|Series B,AI/ML|B2B SaaS|Fintech|Healthcare,"Chicago, Illinois, United States",250000,5000000,https://r7partners.com,Investor_list.xlsx:Sheet4
a0000002-0759-0000-0000-000000000001,Secondcenturyventures,Venture Capital,250000000,Seed|Series A|Series B,AI/ML|B2B SaaS|Fintech|Healthcare,"Chicago, Illinois, United States",250000,5000000,https://secondcenturyventures.com,Investor_list.xlsx:Sheet4
a0000002-0760-0000-0000-000000000001,Boeing,Venture Capital,250000000,Seed|Series A|Series B,AI/ML|B2B SaaS|Fintech|Healthcare,"Chicago, Illinois, United States",250000,5000000,https://boeing.com,Investor_list.xlsx:Sheet4
a0000002-0761-0000-0000-000000000001,Nesta,Venture Capital,250000000,Seed|Series A|Series B,AI/ML|B2B SaaS|Fintech|Healthcare,"London, England, United Kingdom",250000,5000000,https://nesta.org.uk,Investor_list.xlsx:Sheet4
a0000002-0762-0000-0000-000000000001,Goldhouse,Venture Capital,250000000,Seed|Series A|Series B,AI/ML|B2B SaaS|Fintech|Healthcare,"New York ,New York, United States",250000,5000000,https://goldhouse.org,Investor_list.xlsx:Sheet4
a0000002-0763-0000-0000-000000000001,151locust,Venture Capital,250000000,Seed|Series A|Series B,AI/ML|B2B SaaS|Fintech|Healthcare,"Avondale Estates, Georgia, United States",250000,5000000,https://151locust.com,Investor_list.xlsx:Sheet4
a0000002-0764-0000-0000-000000000001,Actoncapital,Venture Capital,250000000,Seed|Series A|Series B,AI/ML|B2B SaaS|Fintech|Healthcare,"Munich, Bayern, Germany",250000,5000000,https://actoncapital.com,Investor_list.xlsx:Sheet4
a0000002-0765-0000-0000-000000000001,Alphacapital,Venture Capital,250000000,Seed|Series A|Series B,AI/ML|B2B SaaS|Fintech|Healthcare,"Chicago, Illinois, United States",250000,5000000,https://alphacapital.com,Investor_list.xlsx:Sheet4
a0000002-0766-0000-0000-000000000001,Alpinapartners,Venture Capital,250000000,Seed|Series A|Series B,AI/ML|B2B SaaS|Fintech|Healthcare,"London, England, United Kingdom",250000,5000000,https://alpinapartners.com,Investor_list.xlsx:Sheet4
a0000002-0767-0000-0000-000000000001,Bluesteinassociates,Venture Capital,250000000,Seed|Series A|Series B,AI/ML|B2B SaaS|Fintech|Healthcare,"Chicago, Illinois, United States",250000,5000000,https://bluesteinassociates.com,Investor_list.xlsx:Sheet4
a0000002-0768-0000-0000-000000000001,Bridgesfundmanagement,Venture Capital,250000000,Seed|Series A|Series B,AI/ML|B2B SaaS|Fintech|Healthcare,"London, England, United Kingdom",250000,5000000,https://bridgesfundmanagement.com,Investor_list.xlsx:Sheet4
a0000002-0769-0000-0000-000000000001,Calculuscapital,Venture Capital,250000000,Seed|Series A|Series B,AI/ML|B2B SaaS|Fintech|Healthcare,"London, England, United Kingdom",250000,5000000,https://calculuscapital.com,Investor_list.xlsx:Sheet4
a0000002-0770-0000-0000-000000000001,Chicagoventures,Venture Capital,250000000,Seed|Series A|Series B,AI/ML|B2B SaaS|Fintech|Healthcare,"Chicago, Illinois, United States",250000,5000000,https://chicagoventures.com,Investor_list.xlsx:Sheet4
a0000002-0771-0000-0000-000000000001,Chi-impact,Venture Capital,250000000,Seed|Series A|Series B,AI/ML|B2B SaaS|Fintech|Healthcare,"Zurich, Zurich, Switzerland",250000,5000000,https://chi-impact.com,Investor_list.xlsx:Sheet4
a0000002-0772-0000-0000-000000000001,Cleanenergytrust,Venture Capital,250000000,Seed|Series A|Series B,AI/ML|B2B SaaS|Fintech|Healthcare,"Chicago, Illinois, United States",250000,5000000,https://cleanenergytrust.org,Investor_list.xlsx:Sheet4
a0000002-0773-0000-0000-000000000001,Ecapital,Venture Capital,250000000,Seed|Series A|Series B,AI/ML|B2B SaaS|Fintech|Healthcare,"Mnster, Nordrhein-Westfalen, Germany",250000,5000000,https://ecapital.de,Investor_list.xlsx:Sheet4
a0000002-0774-0000-0000-000000000001,Energyfoundry,Venture Capital,250000000,Seed|Series A|Series B,AI/ML|B2B SaaS|Fintech|Healthcare,"Chicago, Illinois, United States",250000,5000000,https://energyfoundry.com,Investor_list.xlsx:Sheet4
a0000002-0775-0000-0000-000000000001,Global-chance-fund,Venture Capital,250000000,Seed|Series A|Series B,AI/ML|B2B SaaS|Fintech|Healthcare,"Landshut, Bayern, Germany",250000,5000000,https://global-chance-fund.de,Investor_list.xlsx:Sheet4
a0000002-0776-0000-0000-000000000001,Gtcr,Venture Capital,250000000,Seed|Series A|Series B,AI/ML|B2B SaaS|Fintech|Healthcare,"Chicago, Illinois, United States",250000,5000000,https://gtcr.com,Investor_list.xlsx:Sheet4
a0000002-0777-0000-0000-000000000001,Healthbox,Venture Capital,250000000,Seed|Series A|Series B,AI/ML|B2B SaaS|Fintech|Healthcare,"Chicago, Illinois, United States",250000,5000000,https://healthbox.com,Investor_list.xlsx:Sheet4
a0000002-0778-0000-0000-000000000001,Heliosllp,Venture Capital,250000000,Seed|Series A|Series B,AI/ML|B2B SaaS|Fintech|Healthcare,"London, England, United Kingdom",250000,5000000,https://heliosllp.com,Investor_list.xlsx:Sheet4
a0000002-0779-0000-0000-000000000001,Hmw,Venture Capital,250000000,Seed|Series A|Series B,AI/ML|B2B SaaS|Fintech|Healthcare,"Pullach Im Isartal, Bayern, Germany",250000,5000000,https://hmw.ag,Investor_list.xlsx:Sheet4
a0000002-0780-0000-0000-000000000001,Hwproperties,Venture Capital,250000000,Seed|Series A|Series B,AI/ML|B2B SaaS|Fintech|Healthcare,"Atlanta, Georgia, United States",250000,5000000,https://hwproperties.com,Investor_list.xlsx:Sheet4
a0000002-0781-0000-0000-000000000001,Jumpcap,Venture Capital,250000000,Seed|Series A|Series B,AI/ML|B2B SaaS|Fintech|Healthcare,"Chicago, Illinois, United States",250000,5000000,https://jumpcap.com,Investor_list.xlsx:Sheet4
a0000002-0782-0000-0000-000000000001,Kbpartners,Venture Capital,250000000,Seed|Series A|Series B,AI/ML|B2B SaaS|Fintech|Healthcare,"Highland Park, Illinois, United States",250000,5000000,https://kbpartners.com,Investor_list.xlsx:Sheet4
a0000002-0783-0000-0000-000000000001,Krinova,Venture Capital,250000000,Seed|Series A|Series B,AI/ML|B2B SaaS|Fintech|Healthcare,"Kristianstad, Skane Lan, Sweden",250000,5000000,https://krinova.se,Investor_list.xlsx:Sheet4
a0000002-0784-0000-0000-000000000001,Lightbank,Venture Capital,250000000,Seed|Series A|Series B,AI/ML|B2B SaaS|Fintech|Healthcare,"Chicago, Illinois, United States",250000,5000000,https://lightbank.com,Investor_list.xlsx:Sheet4
a0000002-0785-0000-0000-000000000001,Mdcp,Venture Capital,250000000,Seed|Series A|Series B,AI/ML|B2B SaaS|Fintech|Healthcare,"Chicago, Illinois, United States",250000,5000000,https://mdcp.com,Investor_list.xlsx:Sheet4
a0000002-0786-0000-0000-000000000001,Method,Venture Capital,250000000,Seed|Series A|Series B,AI/ML|B2B SaaS|Fintech|Healthcare,"Chicago, Illinois, United States",250000,5000000,https://method.capital,Investor_list.xlsx:Sheet4
a0000002-0787-0000-0000-000000000001,Mig,Venture Capital,250000000,Seed|Series A|Series B,AI/ML|B2B SaaS|Fintech|Healthcare,"Munich, Bayern, Germany",250000,5000000,https://mig.ag,Investor_list.xlsx:Sheet4
a0000002-0788-0000-0000-000000000001,Moderneventures,Venture Capital,250000000,Seed|Series A|Series B,AI/ML|B2B SaaS|Fintech|Healthcare,"Chicago, Illinois, United States",250000,5000000,https://moderneventures.com,Investor_list.xlsx:Sheet4
a0000002-0789-0000-0000-000000000001,Narreach,Venture Capital,250000000,Seed|Series A|Series B,AI/ML|B2B SaaS|Fintech|Healthcare,"Chicago, Illinois, United States",250000,5000000,https://narreach.com,Investor_list.xlsx:Sheet4
a0000002-0790-0000-0000-000000000001,Networkventures,Venture Capital,250000000,Seed|Series A|Series B,AI/ML|B2B SaaS|Fintech|Healthcare,"Chicago, Illinois, United States",250000,5000000,https://networkventures.vc,Investor_list.xlsx:Sheet4
a0000002-0791-0000-0000-000000000001,Pritzkergroup,Venture Capital,250000000,Seed|Series A|Series B,AI/ML|B2B SaaS|Fintech|Healthcare,"Chicago, Illinois, United States",250000,5000000,https://pritzkergroup.com,Investor_list.xlsx:Sheet4
a0000002-0792-0000-0000-000000000001,Promusventures,Venture Capital,250000000,Seed|Series A|Series B,AI/ML|B2B SaaS|Fintech|Healthcare,"Chicago, Illinois, United States",250000,5000000,https://promusventures.com,Investor_list.xlsx:Sheet4
a0000002-0793-0000-0000-000000000001,Sandboxindustries,Venture Capital,250000000,Seed|Series A|Series B,AI/ML|B2B SaaS|Fintech|Healthcare,"Chicago, Illinois, United States",250000,5000000,https://sandboxindustries.com,Investor_list.xlsx:Sheet4
a0000002-0794-0000-0000-000000000001,Senovo,Venture Capital,250000000,Seed|Series A|Series B,AI/ML|B2B SaaS|Fintech|Healthcare,"Munich, Bayern, Germany",250000,5000000,https://senovo.vc,Investor_list.xlsx:Sheet4
a0000002-0795-0000-0000-000000000001,Serraventures,Venture Capital,250000000,Seed|Series A|Series B,AI/ML|B2B SaaS|Fintech|Healthcare,"Champaign, Illinois, United States",250000,5000000,https://serraventures.com,Investor_list.xlsx:Sheet4
a0000002-0796-0000-0000-000000000001,Sevenventures,Venture Capital,250000000,Seed|Series A|Series B,AI/ML|B2B SaaS|Fintech|Healthcare,"Unterfhring, Bayern, Germany",250000,5000000,https://sevenventures.de,Investor_list.xlsx:Sheet4
a0000002-0797-0000-0000-000000000001,Stockholmresilience,Venture Capital,250000000,Seed|Series A|Series B,AI/ML|B2B SaaS|Fintech|Healthcare,"Stockholm, Stockholms Lan, Sweden",250000,5000000,https://stockholmresilience.su.se,Investor_list.xlsx:Sheet4
a0000002-0798-0000-0000-000000000001,Swissminds,Venture Capital,250000000,Seed|Series A|Series B,AI/ML|B2B SaaS|Fintech|Healthcare,"Ddingen, Fribourg, Switzerland",250000,5000000,https://swissminds.com,Investor_list.xlsx:Sheet4
a0000002-0799-0000-0000-000000000001,Synetrogroup,Venture Capital,250000000,Seed|Series A|Series B,AI/ML|B2B SaaS|Fintech|Healthcare,"Chicago, Illinois, United States",250000,5000000,https://synetrogroup.com,Investor_list.xlsx:Sheet4
a0000002-0800-0000-0000-000000000001,Theimpactengine,Venture Capital,250000000,Seed|Series A|Series B,AI/ML|B2B SaaS|Fintech|Healthcare,"Chicago, Illinois, United States",250000,5000000,https://theimpactengine.com,Investor_list.xlsx:Sheet4
a0000002-0801-0000-0000-000000000001,Transferator,Venture Capital,250000000,Seed|Series A|Series B,AI/ML|B2B SaaS|Fintech|Healthcare,"Stockholm, Stockholms Lan, Sweden",250000,5000000,https://transferator.com,Investor_list.xlsx:Sheet4
a0000002-0802-0000-0000-000000000001,Valorep,Venture Capital,250000000,Seed|Series A|Series B,AI/ML|B2B SaaS|Fintech|Healthcare,"Chicago, Illinois, United States",250000,5000000,https://valorep.com,Investor_list.xlsx:Sheet4
a0000002-0803-0000-0000-000000000001,Yabeo,Venture Capital,250000000,Seed|Series A|Series B,AI/ML|B2B SaaS|Fintech|Healthcare,"Grnwald, Bayern, Germany",250000,5000000,https://yabeo.de,Investor_list.xlsx:Sheet4
a0000002-0804-0000-0000-000000000001,Zouk,Venture Capital,250000000,Seed|Series A|Series B,AI/ML|B2B SaaS|Fintech|Healthcare,"London, England, United Kingdom",250000,5000000,https://zouk.com,Investor_list.xlsx:Sheet4
a0000002-0805-0000-0000-000000000001,Creationinvestments,Venture Capital,250000000,Seed|Series A|Series B,AI/ML|B2B SaaS|Fintech|Healthcare,"Chicago, Illinois, United States",250000,5000000,https://creationinvestments.com,Investor_list.xlsx:Sheet4
a0000002-0806-0000-0000-000000000001,Innosight,Venture Capital,250000000,Seed|Series A|Series B,AI/ML|B2B SaaS|Fintech|Healthcare,"Singapore, Central Region, Singapore",250000,5000000,https://innosight.com,Investor_list.xlsx:Sheet4
a0000002-0807-0000-0000-000000000001,Originventures,Venture Capital,250000000,Seed|Series A|Series B,AI/ML|B2B SaaS|Fintech|Healthcare,"Chicago, Illinois, United States",250000,5000000,https://originventures.com,Investor_list.xlsx:Sheet4
a0000002-0808-0000-0000-000000000001,Mannerheim,Venture Capital,250000000,Seed|Series A|Series B,AI/ML|B2B SaaS|Fintech|Healthcare,"Stockholm, Stockholms Lan, Sweden",250000,5000000,https://mannerheim.se,Investor_list.xlsx:Sheet4
a0000002-0809-0000-0000-000000000001,Aresmgmt,Venture Capital,250000000,Seed|Series A|Series B,AI/ML|B2B SaaS|Fintech|Healthcare,"Chicago, Illinois, United States",250000,5000000,https://aresmgmt.com,Investor_list.xlsx:Sheet4
a0000002-0810-0000-0000-000000000001,Ecell-iitkgp,Venture Capital,250000000,Seed|Series A|Series B,AI/ML|B2B SaaS|Fintech|Healthcare,"Bengaluru, Karnataka, India",250000,5000000,https://ecell-iitkgp.org,Investor_list.xlsx:Sheet4
a0000002-0811-0000-0000-000000000001,Lpcfunds,Venture Capital,250000000,Seed|Series A|Series B,AI/ML|B2B SaaS|Fintech|Healthcare,"Chicago, Illinois, United States",250000,5000000,https://lpcfunds.com,Investor_list.xlsx:Sheet4
a0000002-0812-0000-0000-000000000001,A16z,Venture Capital,250000000,Seed|Series A|Series B,AI/ML|B2B SaaS|Fintech|Healthcare,"San Mateo ,California, United States",250000,5000000,https://a16z.com,Investor_list.xlsx:Sheet4
a0000002-0813-0000-0000-000000000001,Listen,Venture Capital,250000000,Seed|Series A|Series B,AI/ML|B2B SaaS|Fintech|Healthcare,"Chicago, Illinois, United States",250000,5000000,https://listen.co,Investor_list.xlsx:Sheet4
a0000002-0814-0000-0000-000000000001,Beepartners,Venture Capital,250000000,Seed|Series A|Series B,AI/ML|B2B SaaS|Fintech|Healthcare,"Keller ,Texas, United States",250000,5000000,https://beepartners.vc,Investor_list.xlsx:Sheet4
a0000002-0815-0000-0000-000000000001,Belgraviagroup,Venture Capital,250000000,Seed|Series A|Series B,AI/ML|B2B SaaS|Fintech|Healthcare,"Chicago, Illinois, United States",250000,5000000,https://belgraviagroup.com,Investor_list.xlsx:Sheet4
a0000002-0816-0000-0000-000000000001,Angelinvestorschool,Angel Syndicate,250000000,Seed|Series A|Series B,AI/ML|B2B SaaS|Fintech|Healthcare,US|Global,250000,5000000,https://angelinvestorschool.com,Investor_list.xlsx:Sheet4
a0000002-0817-0000-0000-000000000001,Columbia,Venture Capital,250000000,Seed|Series A|Series B,AI/ML|B2B SaaS|Fintech|Healthcare,"New York ,New York, United States",250000,5000000,https://columbia.edu,Investor_list.xlsx:Sheet4
a0000002-0818-0000-0000-000000000001,Whiteowl,Venture Capital,250000000,Seed|Series A|Series B,AI/ML|B2B SaaS|Fintech|Healthcare,"Berlin, Berlin, Germany",250000,5000000,https://whiteowl.de,Investor_list.xlsx:Sheet4
a0000002-0819-0000-0000-000000000001,Nea,Venture Capital,250000000,Seed|Series A|Series B,AI/ML|B2B SaaS|Fintech|Healthcare,"San Francisco ,California, United States",250000,5000000,https://nea.com,Investor_list.xlsx:Sheet4
a0000002-0820-0000-0000-000000000001,Fortytwo,Venture Capital,250000000,Seed|Series A|Series B,AI/ML|B2B SaaS|Fintech|Healthcare,US|Global,250000,5000000,https://fortytwo.vc,Investor_list.xlsx:Sheet4
a0000002-0821-0000-0000-000000000001,Druidventures,Venture Capital,250000000,Seed|Series A|Series B,AI/ML|B2B SaaS|Fintech|Healthcare,"Saint Petersburg ,Florida, United States",250000,5000000,https://druidventures.com,Investor_list.xlsx:Sheet4
a0000002-0822-0000-0000-000000000001,Maximon,Venture Capital,250000000,Seed|Series A|Series B,AI/ML|B2B SaaS|Fintech|Healthcare,"Zurich, Zurich, Switzerland",250000,5000000,https://maximon.com,Investor_list.xlsx:Sheet4
a0000002-0823-0000-0000-000000000001,Fjlabs,Venture Capital,250000000,Seed|Series A|Series B,AI/ML|B2B SaaS|Fintech|Healthcare,"New York ,New York, United States",250000,5000000,https://fjlabs.com,Investor_list.xlsx:Sheet4
a0000002-0824-0000-0000-000000000001,Republiccapital,Venture Capital,250000000,Seed|Series A|Series B,AI/ML|B2B SaaS|Fintech|Healthcare,"New York ,New York, United States",250000,5000000,https://republiccapital.co,Investor_list.xlsx:Sheet4
a0000002-0825-0000-0000-000000000001,Stellantis,Venture Capital,250000000,Seed|Series A|Series B,AI/ML|B2B SaaS|Fintech|Healthcare,"Detroit ,Michigan, United States",250000,5000000,https://stellantis.com,Investor_list.xlsx:Sheet4
a0000002-0826-0000-0000-000000000001,Fintopcapital,Venture Capital,250000000,Seed|Series A|Series B,AI/ML|B2B SaaS|Fintech|Healthcare,"New York ,New York, United States",250000,5000000,https://fintopcapital.com,Investor_list.xlsx:Sheet4
a0000002-0827-0000-0000-000000000001,Amcfamilyoffice,Venture Capital,250000000,Seed|Series A|Series B,AI/ML|B2B SaaS|Fintech|Healthcare,"Palo Alto ,California, United States",250000,5000000,https://amcfamilyoffice.com,Investor_list.xlsx:Sheet4
a0000002-0828-0000-0000-000000000001,Firesideventures,Venture Capital,250000000,Seed|Series A|Series B,AI/ML|B2B SaaS|Fintech|Healthcare,"Banglore, Karnataka",250000,5000000,https://firesideventures.com,Investor_list.xlsx:Sheet4
a0000002-0829-0000-0000-000000000001,Idbicapital,Venture Capital,250000000,Seed|Series A|Series B,AI/ML|B2B SaaS|Fintech|Healthcare,"Mumbai, Maharashtra",250000,5000000,https://idbicapital.com,Investor_list.xlsx:Sheet4
a0000002-0830-0000-0000-000000000001,Inflexor,Venture Capital,250000000,Seed|Series A|Series B,AI/ML|B2B SaaS|Fintech|Healthcare,"Mumbai, Banglore, Hyderabad",250000,5000000,https://inflexor.vc,Investor_list.xlsx:Sheet4
a0000002-0831-0000-0000-000000000001,Inovia,Venture Capital,250000000,Seed|Series A|Series B,AI/ML|B2B SaaS|Fintech|Healthcare,"Conroe ,Texas, United States",250000,5000000,https://inovia.vc,Investor_list.xlsx:Sheet4
a0000002-0832-0000-0000-000000000001,Hicenter,Venture Capital,250000000,Seed|Series A|Series B,AI/ML|B2B SaaS|Fintech|Healthcare,"Haifa, Hefa, Israel",250000,5000000,https://hicenter.co.il,Investor_list.xlsx:Sheet4
a0000002-0833-0000-0000-000000000001,Ahanya,Venture Capital,250000000,Seed|Series A|Series B,AI/ML|B2B SaaS|Fintech|Healthcare,"Walldorf, Baden-Wurttemberg, Germany",250000,5000000,https://ahanya.vc,Investor_list.xlsx:Sheet4
a0000002-0834-0000-0000-000000000001,Bpoc,Venture Capital,250000000,Seed|Series A|Series B,AI/ML|B2B SaaS|Fintech|Healthcare,"Chicago, Illinois, United States",250000,5000000,https://bpoc.com,Investor_list.xlsx:Sheet4
a0000002-0835-0000-0000-000000000001,Jumpstart,Venture Capital,250000000,Seed|Series A|Series B,AI/ML|B2B SaaS|Fintech|Healthcare,"Chicago, Illinois, United States",250000,5000000,https://jumpstart.vc,Investor_list.xlsx:Sheet4
a0000002-0836-0000-0000-000000000001,Tower-research,Venture Capital,250000000,Seed|Series A|Series B,AI/ML|B2B SaaS|Fintech|Healthcare,United States,250000,5000000,https://tower-research.com,Investor_list.xlsx:Sheet4
a0000002-0837-0000-0000-000000000001,Bamfunds,Venture Capital,250000000,Seed|Series A|Series B,AI/ML|B2B SaaS|Fintech|Healthcare,"Chicago, Illinois, United States",250000,5000000,https://bamfunds.com,Investor_list.xlsx:Sheet4
a0000002-0838-0000-0000-000000000001,Specialeinvest,Venture Capital,250000000,Seed|Series A|Series B,AI/ML|B2B SaaS|Fintech|Healthcare,"Chennai, Tamil Nadu",250000,5000000,https://specialeinvest.com,Investor_list.xlsx:Sheet4
a0000002-0839-0000-0000-000000000001,Bace,Venture Capital,250000000,Seed|Series A|Series B,AI/ML|B2B SaaS|Fintech|Healthcare,Delhi,250000,5000000,https://bace.vc,Investor_list.xlsx:Sheet4
a0000002-0840-0000-0000-000000000001,Allergan,Venture Capital,250000000,Seed|Series A|Series B,AI/ML|B2B SaaS|Fintech|Healthcare,"North Chicago, Illinois, United States",250000,5000000,https://allergan.com,Investor_list.xlsx:Sheet4
a0000002-0841-0000-0000-000000000001,Cargill,Venture Capital,250000000,Seed|Series A|Series B,AI/ML|B2B SaaS|Fintech|Healthcare,"Chicago ,Illinois, United States",250000,5000000,https://cargill.com,Investor_list.xlsx:Sheet4
a0000002-0842-0000-0000-000000000001,Tncaviation,Venture Capital,250000000,Seed|Series A|Series B,AI/ML|B2B SaaS|Fintech|Healthcare,"New Delhi, Delhi",250000,5000000,https://tncaviation.com,Investor_list.xlsx:Sheet4
a0000002-0843-0000-0000-000000000001,Prospect-partners,Venture Capital,250000000,Seed|Series A|Series B,AI/ML|B2B SaaS|Fintech|Healthcare,"Chicago, Illinois, United States",250000,5000000,https://prospect-partners.com,Investor_list.xlsx:Sheet4
a0000002-0844-0000-0000-000000000001,Hines,Venture Capital,250000000,Seed|Series A|Series B,AI/ML|B2B SaaS|Fintech|Healthcare,"Newport Beach ,California, United States",250000,5000000,https://hines.com,Investor_list.xlsx:Sheet4
a0000002-0845-0000-0000-000000000001,Mosaixventures,Venture Capital,250000000,Seed|Series A|Series B,AI/ML|B2B SaaS|Fintech|Healthcare,"Chicago, Illinois, United States",250000,5000000,https://mosaixventures.com,Investor_list.xlsx:Sheet4
a0000002-0846-0000-0000-000000000001,Ornent,Venture Capital,250000000,Seed|Series A|Series B,AI/ML|B2B SaaS|Fintech|Healthcare,US|Global,250000,5000000,https://ornent.com,Investor_list.xlsx:Sheet4
a0000002-0847-0000-0000-000000000001,Familyofficeassociation,Venture Capital,250000000,Seed|Series A|Series B,AI/ML|B2B SaaS|Fintech|Healthcare,"Los Angeles ,California, United States",250000,5000000,https://familyofficeassociation.com,Investor_list.xlsx:Sheet4
a0000002-0848-0000-0000-000000000001,Firetweet,Venture Capital,250000000,Seed|Series A|Series B,AI/ML|B2B SaaS|Fintech|Healthcare,"Mumbai, Maharashtra",250000,5000000,https://firetweet.in,Investor_list.xlsx:Sheet4
a0000002-0849-0000-0000-000000000001,M2hadvisors,Venture Capital,250000000,Seed|Series A|Series B,AI/ML|B2B SaaS|Fintech|Healthcare,"Nashville ,Tennessee, United States",250000,5000000,https://m2hadvisors.com,Investor_list.xlsx:Sheet4
a0000002-0850-0000-0000-000000000001,Driehaus,Venture Capital,250000000,Seed|Series A|Series B,AI/ML|B2B SaaS|Fintech|Healthcare,"Chicago, Illinois, United States",250000,5000000,https://driehaus.com,Investor_list.xlsx:Sheet4
a0000002-0851-0000-0000-000000000001,Chingona,Venture Capital,250000000,Seed|Series A|Series B,AI/ML|B2B SaaS|Fintech|Healthcare,"Chicago, Illinois, United States",250000,5000000,https://chingona.ventures,Investor_list.xlsx:Sheet4
a0000002-0852-0000-0000-000000000001,Alum,Venture Capital,250000000,Seed|Series A|Series B,AI/ML|B2B SaaS|Fintech|Healthcare,"Saratoga ,California, United States",250000,5000000,https://alum.mit.edu,Investor_list.xlsx:Sheet4
a0000002-0853-0000-0000-000000000001,Idcventures,Venture Capital,250000000,Seed|Series A|Series B,AI/ML|B2B SaaS|Fintech|Healthcare,United States,250000,5000000,https://idcventures.com,Investor_list.xlsx:Sheet4
a0000002-0854-0000-0000-000000000001,Michelin,Venture Capital,250000000,Seed|Series A|Series B,AI/ML|B2B SaaS|Fintech|Healthcare,"Pune, Maharashtra, India",250000,5000000,https://michelin.com,Investor_list.xlsx:Sheet4
a0000002-0855-0000-0000-000000000001,Jungle,Venture Capital,250000000,Seed|Series A|Series B,AI/ML|B2B SaaS|Fintech|Healthcare,Singapore,250000,5000000,https://jungle.vc,Investor_list.xlsx:Sheet4
a0000002-0856-0000-0000-000000000001,Seldorcapital,Venture Capital,250000000,Seed|Series A|Series B,AI/ML|B2B SaaS|Fintech|Healthcare,"New York ,New York, United States",250000,5000000,https://seldorcapital.com,Investor_list.xlsx:Sheet4
a0000002-0857-0000-0000-000000000001,Dsgcp,Venture Capital,250000000,Seed|Series A|Series B,AI/ML|B2B SaaS|Fintech|Healthcare,"Mumbai, Maharashtra",250000,5000000,https://dsgcp.com,Investor_list.xlsx:Sheet4
a0000002-0858-0000-0000-000000000001,Janushenderson,Venture Capital,250000000,Seed|Series A|Series B,AI/ML|B2B SaaS|Fintech|Healthcare,"London, England, United Kingdom",250000,5000000,https://janushenderson.com,Investor_list.xlsx:Sheet4
a0000002-0859-0000-0000-000000000001,Dnacapital,Venture Capital,250000000,Seed|Series A|Series B,AI/ML|B2B SaaS|Fintech|Healthcare,"San Francisco ,California, United States",250000,5000000,https://dnacapital.com,Investor_list.xlsx:Sheet4
a0000002-0860-0000-0000-000000000001,Firstminute,Venture Capital,250000000,Seed|Series A|Series B,AI/ML|B2B SaaS|Fintech|Healthcare,"London, England, United Kingdom",250000,5000000,https://firstminute.capital,Investor_list.xlsx:Sheet4
a0000002-0861-0000-0000-000000000001,Newstack,Angel Syndicate,250000000,Seed|Series A|Series B,AI/ML|B2B SaaS|Fintech|Healthcare,"Chicago, Illinois, United States",250000,5000000,https://newstack.vc,Investor_list.xlsx:Sheet4
a0000002-0862-0000-0000-000000000001,Shs-capital,Venture Capital,250000000,Seed|Series A|Series B,AI/ML|B2B SaaS|Fintech|Healthcare,"Tbingen, Baden-Wurttemberg, Germany",250000,5000000,https://shs-capital.eu,Investor_list.xlsx:Sheet4
a0000002-0863-0000-0000-000000000001,Goldenequator,Venture Capital,250000000,Seed|Series A|Series B,AI/ML|B2B SaaS|Fintech|Healthcare,"Singapore, Central Region, Singapore",250000,5000000,https://goldenequator.com,Investor_list.xlsx:Sheet4
a0000002-0864-0000-0000-000000000001,M25vc,Venture Capital,250000000,Seed|Series A|Series B,AI/ML|B2B SaaS|Fintech|Healthcare,"Chicago, Illinois, United States",250000,5000000,https://m25vc.com,Investor_list.xlsx:Sheet4
a0000002-0865-0000-0000-000000000001,Generalcatalyst,Venture Capital,250000000,Seed|Series A|Series B,AI/ML|B2B SaaS|Fintech|Healthcare,"New York ,New York, United States",250000,5000000,https://generalcatalyst.com,Investor_list.xlsx:Sheet4
a0000002-0866-0000-0000-000000000001,Smashcap,Venture Capital,250000000,Seed|Series A|Series B,AI/ML|B2B SaaS|Fintech|Healthcare,"Los Angeles ,California, United States",250000,5000000,https://smashcap.com,Investor_list.xlsx:Sheet4
a0000002-0867-0000-0000-000000000001,Wellstar,Venture Capital,250000000,Seed|Series A|Series B,AI/ML|B2B SaaS|Fintech|Healthcare,"Atlanta ,Georgia, United States",250000,5000000,https://wellstar.org,Investor_list.xlsx:Sheet4
a0000002-0868-0000-0000-000000000001,Cercanolp,Venture Capital,250000000,Seed|Series A|Series B,AI/ML|B2B SaaS|Fintech|Healthcare,"Bellevue ,Washington, United States",250000,5000000,https://cercanolp.com,Investor_list.xlsx:Sheet4
